bundle_name,relative_path,file_type,size_bytes,inside_nested_zip,column_count,columns,schema_id
2013-citibike-tripdata,2013-citibike-tripdata/2013-citibike-tripdata/201309-citibike-tripdata.csv,csv,201965642,False,15,tripduration|starttime|stoptime|start station id|start station name|start station latitude|start station longitude|end station id|end station name|end station latitude|end station longitude|bikeid|usertype|birth year|gender,-5052941747357603721
2013-citibike-tripdata,2013-citibike-tripdata/2013-citibike-tripdata/201311-citibike-tripdata.csv,csv,131891356,False,15,tripduration|starttime|stoptime|start station id|start station name|start station latitude|start station longitude|end station id|end station name|end station latitude|end station longitude|bikeid|usertype|birth year|gender,-5052941747357603721
2013-citibike-tripdata,2013-citibike-tripdata/2013-citibike-tripdata/201307-citibike-tripdata.csv,csv,164438561,False,15,tripduration|starttime|stoptime|start station id|start station name|start station latitude|start station longitude|end station id|end station name|end station latitude|end station longitude|bikeid|usertype|birth year|gender,-5052941747357603721
2013-citibike-tripdata,2013-citibike-tripdata/2013-citibike-tripdata/201308-citibike-tripdata.csv,csv,195523200,False,15,tripduration|starttime|stoptime|start station id|start station name|start station latitude|start station longitude|end station id|end station name|end station latitude|end station longitude|bikeid|usertype|birth year|gender,-5052941747357603721
2013-citibike-tripdata,2013-citibike-tripdata/2013-citibike-tripdata/201306-citibike-tripdata.csv,csv,100938999,False,15,tripduration|starttime|stoptime|start station id|start station name|start station latitude|start station longitude|end station id|end station name|end station latitude|end station longitude|bikeid|usertype|birth year|gender,-5052941747357603721
2013-citibike-tripdata,2013-citibike-tripdata/2013-citibike-tripdata/201310-citibike-tripdata.csv,csv,202728202,False,15,tripduration|starttime|stoptime|start station id|start station name|start station latitude|start station longitude|end station id|end station name|end station latitude|end station longitude|bikeid|usertype|birth year|gender,-5052941747357603721
2013-citibike-tripdata,2013-citibike-tripdata/2013-citibike-tripdata/201312-citibike-tripdata.csv,csv,86622375,False,15,tripduration|starttime|stoptime|start station id|start station name|start station latitude|start station longitude|end station id|end station name|end station latitude|end station longitude|bikeid|usertype|birth year|gender,-5052941747357603721
2013-citibike-tripdata,2013-citibike-tripdata/2013-citibike-tripdata/12_December/201312-citibike-tripdata_1.csv,csv,72898156,False,15,tripduration|starttime|stoptime|start station id|start station name|start station latitude|start station longitude|end station id|end station name|end station latitude|end station longitude|bikeid|usertype|birth year|gender,-5052941747357603721
2013-citibike-tripdata,2013-citibike-tripdata/2013-citibike-tripdata/11_November/201311-citibike-tripdata_1.csv,csv,111030275,False,15,tripduration|starttime|stoptime|start station id|start station name|start station latitude|start station longitude|end station id|end station name|end station latitude|end station longitude|bikeid|usertype|birth year|gender,-5052941747357603721
2013-citibike-tripdata,2013-citibike-tripdata/2013-citibike-tripdata/7_July/201307-citibike-tripdata_1.csv,csv,138642408,False,15,tripduration|starttime|stoptime|start station id|start station name|start station latitude|start station longitude|end station id|end station name|end station latitude|end station longitude|bikeid|usertype|birth year|gender,-5052941747357603721
2013-citibike-tripdata,2013-citibike-tripdata/2013-citibike-tripdata/10_October/201310-citibike-tripdata_2.csv,csv,6204540,False,15,tripduration|starttime|stoptime|start station id|start station name|start station latitude|start station longitude|end station id|end station name|end station latitude|end station longitude|bikeid|usertype|birth year|gender,-5052941747357603721
2013-citibike-tripdata,2013-citibike-tripdata/2013-citibike-tripdata/10_October/201310-citibike-tripdata_1.csv,csv,164549673,False,15,tripduration|starttime|stoptime|start station id|start station name|start station latitude|start station longitude|end station id|end station name|end station latitude|end station longitude|bikeid|usertype|birth year|gender,-5052941747357603721
2013-citibike-tripdata,2013-citibike-tripdata/2013-citibike-tripdata/9_September/201309-citibike-tripdata_2.csv,csv,5652688,False,15,tripduration|starttime|stoptime|start station id|start station name|start station latitude|start station longitude|end station id|end station name|end station latitude|end station longitude|bikeid|usertype|birth year|gender,-5052941747357603721
2013-citibike-tripdata,2013-citibike-tripdata/2013-citibike-tripdata/9_September/201309-citibike-tripdata_1.csv,csv,164538356,False,15,tripduration|starttime|stoptime|start station id|start station name|start station latitude|start station longitude|end station id|end station name|end station latitude|end station longitude|bikeid|usertype|birth year|gender,-5052941747357603721
2013-citibike-tripdata,2013-citibike-tripdata/2013-citibike-tripdata/8_August/201308-citibike-tripdata_1.csv,csv,164512706,False,15,tripduration|starttime|stoptime|start station id|start station name|start station latitude|start station longitude|end station id|end station name|end station latitude|end station longitude|bikeid|usertype|birth year|gender,-5052941747357603721
2013-citibike-tripdata,2013-citibike-tripdata/2013-citibike-tripdata/8_August/201308-citibike-tripdata_2.csv,csv,322017,False,15,tripduration|starttime|stoptime|start station id|start station name|start station latitude|start station longitude|end station id|end station name|end station latitude|end station longitude|bikeid|usertype|birth year|gender,-5052941747357603721
2013-citibike-tripdata,2013-citibike-tripdata/2013-citibike-tripdata/6_June/201306-citibike-tripdata_1.csv,csv,95736668,False,15,tripduration|starttime|stoptime|start station id|start station name|start station latitude|start station longitude|end station id|end station name|end station latitude|end station longitude|bikeid|usertype|birth year|gender,-5052941747357603721
2014-citibike-tripdata,2014-citibike-tripdata/2014-citibike-tripdata/4_April/201404-citibike-tripdata_1.csv,csv,110282909,False,15,tripduration|starttime|stoptime|start station id|start station name|start station latitude|start station longitude|end station id|end station name|end station latitude|end station longitude|bikeid|usertype|birth year|gender,-5052941747357603721
2014-citibike-tripdata,2014-citibike-tripdata/2014-citibike-tripdata/12_December/201412-citibike-tripdata_1.csv,csv,66014113,False,15,tripduration|starttime|stoptime|start station id|start station name|start station latitude|start station longitude|end station id|end station name|end station latitude|end station longitude|bikeid|usertype|birth year|gender,-5052941747357603721
2014-citibike-tripdata,2014-citibike-tripdata/2014-citibike-tripdata/11_November/201411-citibike-tripdata_1.csv,csv,87564769,False,15,tripduration|starttime|stoptime|start station id|start station name|start station latitude|start station longitude|end station id|end station name|end station latitude|end station longitude|bikeid|usertype|birth year|gender,-5052941747357603721
2014-citibike-tripdata,2014-citibike-tripdata/2014-citibike-tripdata/7_July/201407-citibike-tripdata_1.csv,csv,159457692,False,15,tripduration|starttime|stoptime|start station id|start station name|start station latitude|start station longitude|end station id|end station name|end station latitude|end station longitude|bikeid|usertype|birth year|gender,-5052941747357603721
2014-citibike-tripdata,2014-citibike-tripdata/2014-citibike-tripdata/10_October/201410-citibike-tripdata_1.csv,csv,137143404,False,15,tripduration|starttime|stoptime|start station id|start station name|start station latitude|start station longitude|end station id|end station name|end station latitude|end station longitude|bikeid|usertype|birth year|gender,-5052941747357603721
2014-citibike-tripdata,2014-citibike-tripdata/2014-citibike-tripdata/9_September/201409-citibike-tripdata_1.csv,csv,156002100,False,15,tripduration|starttime|stoptime|start station id|start station name|start station latitude|start station longitude|end station id|end station name|end station latitude|end station longitude|bikeid|usertype|birth year|gender,-5052941747357603721
2014-citibike-tripdata,2014-citibike-tripdata/2014-citibike-tripdata/8_August/201408-citibike-tripdata_1.csv,csv,158632885,False,15,tripduration|starttime|stoptime|start station id|start station name|start station latitude|start station longitude|end station id|end station name|end station latitude|end station longitude|bikeid|usertype|birth year|gender,-5052941747357603721
2014-citibike-tripdata,2014-citibike-tripdata/2014-citibike-tripdata/6_June/201406-citibike-tripdata_1.csv,csv,154324596,False,15,tripduration|starttime|stoptime|start station id|start station name|start station latitude|start station longitude|end station id|end station name|end station latitude|end station longitude|bikeid|usertype|birth year|gender,-5052941747357603721
2014-citibike-tripdata,2014-citibike-tripdata/2014-citibike-tripdata/3_March/201403-citibike-tripdata_1.csv,csv,72190478,False,15,tripduration|starttime|stoptime|start station id|start station name|start station latitude|start station longitude|end station id|end station name|end station latitude|end station longitude|bikeid|usertype|birth year|gender,-5052941747357603721
2014-citibike-tripdata,2014-citibike-tripdata/2014-citibike-tripdata/1_January/201401-citibike-tripdata_1.csv,csv,49335913,False,15,tripduration|starttime|stoptime|start station id|start station name|start station latitude|start station longitude|end station id|end station name|end station latitude|end station longitude|bikeid|usertype|birth year|gender,-5052941747357603721
2014-citibike-tripdata,2014-citibike-tripdata/2014-citibike-tripdata/2_February/201402-citibike-tripdata_1.csv,csv,36946111,False,15,tripduration|starttime|stoptime|start station id|start station name|start station latitude|start station longitude|end station id|end station name|end station latitude|end station longitude|bikeid|usertype|birth year|gender,-5052941747357603721
2014-citibike-tripdata,2014-citibike-tripdata/2014-citibike-tripdata/5_May/201405-citibike-tripdata_1.csv,csv,142558266,False,15,tripduration|starttime|stoptime|start station id|start station name|start station latitude|start station longitude|end station id|end station name|end station latitude|end station longitude|bikeid|usertype|birth year|gender,-5052941747357603721
2015-citibike-tripdata,2015-citibike-tripdata/2015-citibike-tripdata/4_April/201504-citibike-tripdata_1.csv,csv,106811315,False,15,tripduration|starttime|stoptime|start station id|start station name|start station latitude|start station longitude|end station id|end station name|end station latitude|end station longitude|bikeid|usertype|birth year|gender,-5052941747357603721
2015-citibike-tripdata,2015-citibike-tripdata/2015-citibike-tripdata/12_December/201512-citibike-tripdata_1.csv,csv,134352061,False,15,tripduration|starttime|stoptime|start station id|start station name|start station latitude|start station longitude|end station id|end station name|end station latitude|end station longitude|bikeid|usertype|birth year|gender,-5052941747357603721
2015-citibike-tripdata,2015-citibike-tripdata/2015-citibike-tripdata/11_November/201511-citibike-tripdata_1.csv,csv,164742926,False,15,tripduration|starttime|stoptime|start station id|start station name|start station latitude|start station longitude|end station id|end station name|end station latitude|end station longitude|bikeid|usertype|birth year|gender,-5052941747357603721
2015-citibike-tripdata,2015-citibike-tripdata/2015-citibike-tripdata/7_July/201507-citibike-tripdata_1.csv,csv,163308400,False,15,tripduration|starttime|stoptime|start station id|start station name|start station latitude|start station longitude|end station id|end station name|end station latitude|end station longitude|bikeid|usertype|birth year|gender,-5052941747357603721
2015-citibike-tripdata,2015-citibike-tripdata/2015-citibike-tripdata/7_July/201507-citibike-tripdata_2.csv,csv,14057492,False,15,tripduration|starttime|stoptime|start station id|start station name|start station latitude|start station longitude|end station id|end station name|end station latitude|end station longitude|bikeid|usertype|birth year|gender,-5052941747357603721
2015-citibike-tripdata,2015-citibike-tripdata/2015-citibike-tripdata/10_October/201510-citibike-tripdata_2.csv,csv,35563107,False,15,tripduration|starttime|stoptime|start station id|start station name|start station latitude|start station longitude|end station id|end station name|end station latitude|end station longitude|bikeid|usertype|birth year|gender,-5052941747357603721
2015-citibike-tripdata,2015-citibike-tripdata/2015-citibike-tripdata/10_October/201510-citibike-tripdata_1.csv,csv,166799671,False,15,tripduration|starttime|stoptime|start station id|start station name|start station latitude|start station longitude|end station id|end station name|end station latitude|end station longitude|bikeid|usertype|birth year|gender,-5052941747357603721
2015-citibike-tripdata,2015-citibike-tripdata/2015-citibike-tripdata/9_September/201509-citibike-tripdata_2.csv,csv,47716872,False,15,tripduration|starttime|stoptime|start station id|start station name|start station latitude|start station longitude|end station id|end station name|end station latitude|end station longitude|bikeid|usertype|birth year|gender,-5052941747357603721
2015-citibike-tripdata,2015-citibike-tripdata/2015-citibike-tripdata/9_September/201509-citibike-tripdata_1.csv,csv,164008769,False,15,tripduration|starttime|stoptime|start station id|start station name|start station latitude|start station longitude|end station id|end station name|end station latitude|end station longitude|bikeid|usertype|birth year|gender,-5052941747357603721
2015-citibike-tripdata,2015-citibike-tripdata/2015-citibike-tripdata/8_August/201508-citibike-tripdata_1.csv,csv,163298340,False,15,tripduration|starttime|stoptime|start station id|start station name|start station latitude|start station longitude|end station id|end station name|end station latitude|end station longitude|bikeid|usertype|birth year|gender,-5052941747357603721
2015-citibike-tripdata,2015-citibike-tripdata/2015-citibike-tripdata/8_August/201508-citibike-tripdata_2.csv,csv,29396655,False,15,tripduration|starttime|stoptime|start station id|start station name|start station latitude|start station longitude|end station id|end station name|end station latitude|end station longitude|bikeid|usertype|birth year|gender,-5052941747357603721
2015-citibike-tripdata,2015-citibike-tripdata/2015-citibike-tripdata/6_June/201506-citibike-tripdata_1.csv,csv,147321202,False,15,tripduration|starttime|stoptime|start station id|start station name|start station latitude|start station longitude|end station id|end station name|end station latitude|end station longitude|bikeid|usertype|birth year|gender,-5052941747357603721
2015-citibike-tripdata,2015-citibike-tripdata/2015-citibike-tripdata/3_March/201503-citibike-tripdata_1.csv,csv,53609765,False,15,tripduration|starttime|stoptime|start station id|start station name|start station latitude|start station longitude|end station id|end station name|end station latitude|end station longitude|bikeid|usertype|birth year|gender,-5052941747357603721
2015-citibike-tripdata,2015-citibike-tripdata/2015-citibike-tripdata/1_January/201501-citibike-tripdata_1.csv,csv,44756542,False,15,tripduration|starttime|stoptime|start station id|start station name|start station latitude|start station longitude|end station id|end station name|end station latitude|end station longitude|bikeid|usertype|birth year|gender,-5052941747357603721
2015-citibike-tripdata,2015-citibike-tripdata/2015-citibike-tripdata/2_February/201502-citibike-tripdata_1.csv,csv,30854165,False,15,tripduration|starttime|stoptime|start station id|start station name|start station latitude|start station longitude|end station id|end station name|end station latitude|end station longitude|bikeid|usertype|birth year|gender,-5052941747357603721
2015-citibike-tripdata,2015-citibike-tripdata/2015-citibike-tripdata/5_May/201505-citibike-tripdata_1.csv,csv,157141552,False,15,tripduration|starttime|stoptime|start station id|start station name|start station latitude|start station longitude|end station id|end station name|end station latitude|end station longitude|bikeid|usertype|birth year|gender,-5052941747357603721
2016-citibike-tripdata,2016-citibike-tripdata/2016-citibike-tripdata/4_April/201604-citibike-tripdata_1.csv,csv,165722659,False,15,tripduration|starttime|stoptime|start station id|start station name|start station latitude|start station longitude|end station id|end station name|end station latitude|end station longitude|bikeid|usertype|birth year|gender,-5052941747357603721
2016-citibike-tripdata,2016-citibike-tripdata/2016-citibike-tripdata/4_April/201604-citibike-tripdata_2.csv,csv,2178664,False,15,tripduration|starttime|stoptime|start station id|start station name|start station latitude|start station longitude|end station id|end station name|end station latitude|end station longitude|bikeid|usertype|birth year|gender,-5052941747357603721
2016-citibike-tripdata,2016-citibike-tripdata/2016-citibike-tripdata/12_December/201612-citibike-tripdata_1.csv,csv,137380842,False,15,Trip Duration|Start Time|Stop Time|Start Station ID|Start Station Name|Start Station Latitude|Start Station Longitude|End Station ID|End Station Name|End Station Latitude|End Station Longitude|Bike ID|User Type|Birth Year|Gender,2038724694539469255
2016-citibike-tripdata,2016-citibike-tripdata/2016-citibike-tripdata/11_November/201611-citibike-tripdata_2.csv,csv,33326815,False,15,Trip Duration|Start Time|Stop Time|Start Station ID|Start Station Name|Start Station Latitude|Start Station Longitude|End Station ID|End Station Name|End Station Latitude|End Station Longitude|Bike ID|User Type|Birth Year|Gender,2038724694539469255
2016-citibike-tripdata,2016-citibike-tripdata/2016-citibike-tripdata/11_November/201611-citibike-tripdata_1.csv,csv,169216674,False,15,Trip Duration|Start Time|Stop Time|Start Station ID|Start Station Name|Start Station Latitude|Start Station Longitude|End Station ID|End Station Name|End Station Latitude|End Station Longitude|Bike ID|User Type|Birth Year|Gender,2038724694539469255
2016-citibike-tripdata,2016-citibike-tripdata/2016-citibike-tripdata/7_July/201607-citibike-tripdata_2.csv,csv,63513425,False,15,tripduration|starttime|stoptime|start station id|start station name|start station latitude|start station longitude|end station id|end station name|end station latitude|end station longitude|bikeid|usertype|birth year|gender,-5052941747357603721
2016-citibike-tripdata,2016-citibike-tripdata/2016-citibike-tripdata/7_July/201607-citibike-tripdata_1.csv,csv,166162397,False,15,tripduration|starttime|stoptime|start station id|start station name|start station latitude|start station longitude|end station id|end station name|end station latitude|end station longitude|bikeid|usertype|birth year|gender,-5052941747357603721
2016-citibike-tripdata,2016-citibike-tripdata/2016-citibike-tripdata/10_October/201610-citibike-tripdata_1.csv,csv,169323967,False,15,Trip Duration|Start Time|Stop Time|Start Station ID|Start Station Name|Start Station Latitude|Start Station Longitude|End Station ID|End Station Name|End Station Latitude|End Station Longitude|Bike ID|User Type|Birth Year|Gender,2038724694539469255
2016-citibike-tripdata,2016-citibike-tripdata/2016-citibike-tripdata/10_October/201610-citibike-tripdata_2.csv,csv,97163830,False,15,Trip Duration|Start Time|Stop Time|Start Station ID|Start Station Name|Start Station Latitude|Start Station Longitude|End Station ID|End Station Name|End Station Latitude|End Station Longitude|Bike ID|User Type|Birth Year|Gender,2038724694539469255
2016-citibike-tripdata,2016-citibike-tripdata/2016-citibike-tripdata/9_September/201609-citibike-tripdata_1.csv,csv,166701922,False,15,tripduration|starttime|stoptime|start station id|start station name|start station latitude|start station longitude|end station id|end station name|end station latitude|end station longitude|bikeid|usertype|birth year|gender,-5052941747357603721
2016-citibike-tripdata,2016-citibike-tripdata/2016-citibike-tripdata/9_September/201609-citibike-tripdata_2.csv,csv,108820650,False,15,tripduration|starttime|stoptime|start station id|start station name|start station latitude|start station longitude|end station id|end station name|end station latitude|end station longitude|bikeid|usertype|birth year|gender,-5052941747357603721
2016-citibike-tripdata,2016-citibike-tripdata/2016-citibike-tripdata/8_August/201608-citibike-tripdata_2.csv,csv,93310301,False,15,tripduration|starttime|stoptime|start station id|start station name|start station latitude|start station longitude|end station id|end station name|end station latitude|end station longitude|bikeid|usertype|birth year|gender,-5052941747357603721
2016-citibike-tripdata,2016-citibike-tripdata/2016-citibike-tripdata/8_August/201608-citibike-tripdata_1.csv,csv,166198498,False,15,tripduration|starttime|stoptime|start station id|start station name|start station latitude|start station longitude|end station id|end station name|end station latitude|end station longitude|bikeid|usertype|birth year|gender,-5052941747357603721
2016-citibike-tripdata,2016-citibike-tripdata/2016-citibike-tripdata/6_June/201606-citibike-tripdata_1.csv,csv,165629244,False,15,tripduration|starttime|stoptime|start station id|start station name|start station latitude|start station longitude|end station id|end station name|end station latitude|end station longitude|bikeid|usertype|birth year|gender,-5052941747357603721
2016-citibike-tripdata,2016-citibike-tripdata/2016-citibike-tripdata/6_June/201606-citibike-tripdata_2.csv,csv,76669488,False,15,tripduration|starttime|stoptime|start station id|start station name|start station latitude|start station longitude|end station id|end station name|end station latitude|end station longitude|bikeid|usertype|birth year|gender,-5052941747357603721
2016-citibike-tripdata,2016-citibike-tripdata/2016-citibike-tripdata/3_March/201603-citibike-tripdata_1.csv,csv,152165561,False,15,tripduration|starttime|stoptime|start station id|start station name|start station latitude|start station longitude|end station id|end station name|end station latitude|end station longitude|bikeid|usertype|birth year|gender,-5052941747357603721
2016-citibike-tripdata,2016-citibike-tripdata/2016-citibike-tripdata/1_January/201601-citibike-tripdata_1.csv,csv,84113390,False,15,tripduration|starttime|stoptime|start station id|start station name|start station latitude|start station longitude|end station id|end station name|end station latitude|end station longitude|bikeid|usertype|birth year|gender,-5052941747357603721
2016-citibike-tripdata,2016-citibike-tripdata/2016-citibike-tripdata/2_February/201602-citibike-tripdata_1.csv,csv,92673795,False,15,tripduration|starttime|stoptime|start station id|start station name|start station latitude|start station longitude|end station id|end station name|end station latitude|end station longitude|bikeid|usertype|birth year|gender,-5052941747357603721
2016-citibike-tripdata,2016-citibike-tripdata/2016-citibike-tripdata/5_May/201605-citibike-tripdata_2.csv,csv,35285920,False,15,tripduration|starttime|stoptime|start station id|start station name|start station latitude|start station longitude|end station id|end station name|end station latitude|end station longitude|bikeid|usertype|birth year|gender,-5052941747357603721
2016-citibike-tripdata,2016-citibike-tripdata/2016-citibike-tripdata/5_May/201605-citibike-tripdata_1.csv,csv,165661664,False,15,tripduration|starttime|stoptime|start station id|start station name|start station latitude|start station longitude|end station id|end station name|end station latitude|end station longitude|bikeid|usertype|birth year|gender,-5052941747357603721
2017-citibike-tripdata,2017-citibike-tripdata/2017-citibike-tripdata/4_April/201704-citibike-tripdata.csv_1.csv,csv,169750919,False,15,tripduration|starttime|stoptime|start station id|start station name|start station latitude|start station longitude|end station id|end station name|end station latitude|end station longitude|bikeid|usertype|birth year|gender,-5052941747357603721
2017-citibike-tripdata,2017-citibike-tripdata/2017-citibike-tripdata/4_April/201704-citibike-tripdata.csv_2.csv,csv,53542899,False,15,tripduration|starttime|stoptime|start station id|start station name|start station latitude|start station longitude|end station id|end station name|end station latitude|end station longitude|bikeid|usertype|birth year|gender,-5052941747357603721
2017-citibike-tripdata,2017-citibike-tripdata/2017-citibike-tripdata/12_December/201712-citibike-tripdata.csv_1.csv,csv,151976068,False,15,tripduration|starttime|stoptime|start station id|start station name|start station latitude|start station longitude|end station id|end station name|end station latitude|end station longitude|bikeid|usertype|birth year|gender,-5052941747357603721
2017-citibike-tripdata,2017-citibike-tripdata/2017-citibike-tripdata/11_November/201711-citibike-tripdata.csv_2.csv,csv,56410518,False,15,tripduration|starttime|stoptime|start station id|start station name|start station latitude|start station longitude|end station id|end station name|end station latitude|end station longitude|bikeid|usertype|birth year|gender,-5052941747357603721
2017-citibike-tripdata,2017-citibike-tripdata/2017-citibike-tripdata/11_November/201711-citibike-tripdata.csv_1.csv,csv,170493210,False,15,tripduration|starttime|stoptime|start station id|start station name|start station latitude|start station longitude|end station id|end station name|end station latitude|end station longitude|bikeid|usertype|birth year|gender,-5052941747357603721
2017-citibike-tripdata,2017-citibike-tripdata/2017-citibike-tripdata/7_July/201707-citibike-tripdata.csv_2.csv,csv,125191256,False,15,tripduration|starttime|stoptime|start station id|start station name|start station latitude|start station longitude|end station id|end station name|end station latitude|end station longitude|bikeid|usertype|birth year|gender,-5052941747357603721
2017-citibike-tripdata,2017-citibike-tripdata/2017-citibike-tripdata/7_July/201707-citibike-tripdata.csv_1.csv,csv,170250468,False,15,tripduration|starttime|stoptime|start station id|start station name|start station latitude|start station longitude|end station id|end station name|end station latitude|end station longitude|bikeid|usertype|birth year|gender,-5052941747357603721
2017-citibike-tripdata,2017-citibike-tripdata/2017-citibike-tripdata/10_October/201710-citibike-tripdata.csv_1.csv,csv,170661429,False,15,tripduration|starttime|stoptime|start station id|start station name|start station latitude|start station longitude|end station id|end station name|end station latitude|end station longitude|bikeid|usertype|birth year|gender,-5052941747357603721
2017-citibike-tripdata,2017-citibike-tripdata/2017-citibike-tripdata/10_October/201710-citibike-tripdata.csv_2.csv,csv,153090012,False,15,tripduration|starttime|stoptime|start station id|start station name|start station latitude|start station longitude|end station id|end station name|end station latitude|end station longitude|bikeid|usertype|birth year|gender,-5052941747357603721
2017-citibike-tripdata,2017-citibike-tripdata/2017-citibike-tripdata/9_September/201709-citibike-tripdata.csv_2.csv,csv,149686080,False,15,tripduration|starttime|stoptime|start station id|start station name|start station latitude|start station longitude|end station id|end station name|end station latitude|end station longitude|bikeid|usertype|birth year|gender,-5052941747357603721
2017-citibike-tripdata,2017-citibike-tripdata/2017-citibike-tripdata/9_September/201709-citibike-tripdata.csv_1.csv,csv,170394989,False,15,tripduration|starttime|stoptime|start station id|start station name|start station latitude|start station longitude|end station id|end station name|end station latitude|end station longitude|bikeid|usertype|birth year|gender,-5052941747357603721
2017-citibike-tripdata,2017-citibike-tripdata/2017-citibike-tripdata/8_August/201708-citibike-tripdata.csv_1.csv,csv,170266422,False,15,tripduration|starttime|stoptime|start station id|start station name|start station latitude|start station longitude|end station id|end station name|end station latitude|end station longitude|bikeid|usertype|birth year|gender,-5052941747357603721
2017-citibike-tripdata,2017-citibike-tripdata/2017-citibike-tripdata/8_August/201708-citibike-tripdata.csv_2.csv,csv,139063874,False,15,tripduration|starttime|stoptime|start station id|start station name|start station latitude|start station longitude|end station id|end station name|end station latitude|end station longitude|bikeid|usertype|birth year|gender,-5052941747357603721
2017-citibike-tripdata,2017-citibike-tripdata/2017-citibike-tripdata/6_June/201706-citibike-tripdata.csv_1.csv,csv,170154400,False,15,tripduration|starttime|stoptime|start station id|start station name|start station latitude|start station longitude|end station id|end station name|end station latitude|end station longitude|bikeid|usertype|birth year|gender,-5052941747357603721
2017-citibike-tripdata,2017-citibike-tripdata/2017-citibike-tripdata/6_June/201706-citibike-tripdata.csv_2.csv,csv,124490896,False,15,tripduration|starttime|stoptime|start station id|start station name|start station latitude|start station longitude|end station id|end station name|end station latitude|end station longitude|bikeid|usertype|birth year|gender,-5052941747357603721
2017-citibike-tripdata,2017-citibike-tripdata/2017-citibike-tripdata/3_March/201703-citibike-tripdata.csv_1.csv,csv,123212771,False,15,Trip Duration|Start Time|Stop Time|Start Station ID|Start Station Name|Start Station Latitude|Start Station Longitude|End Station ID|End Station Name|End Station Latitude|End Station Longitude|Bike ID|User Type|Birth Year|Gender,2038724694539469255
2017-citibike-tripdata,2017-citibike-tripdata/2017-citibike-tripdata/1_January/201701-citibike-tripdata.csv_1.csv,csv,123001008,False,15,Trip Duration|Start Time|Stop Time|Start Station ID|Start Station Name|Start Station Latitude|Start Station Longitude|End Station ID|End Station Name|End Station Latitude|End Station Longitude|Bike ID|User Type|Birth Year|Gender,2038724694539469255
2017-citibike-tripdata,2017-citibike-tripdata/2017-citibike-tripdata/2_February/201702-citibike-tripdata.csv_1.csv,csv,134052156,False,15,Trip Duration|Start Time|Stop Time|Start Station ID|Start Station Name|Start Station Latitude|Start Station Longitude|End Station ID|End Station Name|End Station Latitude|End Station Longitude|Bike ID|User Type|Birth Year|Gender,2038724694539469255
2017-citibike-tripdata,2017-citibike-tripdata/2017-citibike-tripdata/5_May/201705-citibike-tripdata.csv_2.csv,csv,88947607,False,15,tripduration|starttime|stoptime|start station id|start station name|start station latitude|start station longitude|end station id|end station name|end station latitude|end station longitude|bikeid|usertype|birth year|gender,-5052941747357603721
2017-citibike-tripdata,2017-citibike-tripdata/2017-citibike-tripdata/5_May/201705-citibike-tripdata.csv_1.csv,csv,169880307,False,15,tripduration|starttime|stoptime|start station id|start station name|start station latitude|start station longitude|end station id|end station name|end station latitude|end station longitude|bikeid|usertype|birth year|gender,-5052941747357603721
2018-citibike-tripdata,2018-citibike-tripdata/2018-citibike-tripdata/201809-citibike-tripdata.csv,csv,357819814,False,15,tripduration|starttime|stoptime|start station id|start station name|start station latitude|start station longitude|end station id|end station name|end station latitude|end station longitude|bikeid|usertype|birth year|gender,-5052941747357603721
2018-citibike-tripdata,2018-citibike-tripdata/2018-citibike-tripdata/201801-citibike-tripdata.csv,csv,135954660,False,15,tripduration|starttime|stoptime|start station id|start station name|start station latitude|start station longitude|end station id|end station name|end station latitude|end station longitude|bikeid|usertype|birth year|gender,-5052941747357603721
2018-citibike-tripdata,2018-citibike-tripdata/2018-citibike-tripdata/201803-citibike-tripdata.csv,csv,185038803,False,15,tripduration|starttime|stoptime|start station id|start station name|start station latitude|start station longitude|end station id|end station name|end station latitude|end station longitude|bikeid|usertype|birth year|gender,-5052941747357603721
2018-citibike-tripdata,2018-citibike-tripdata/2018-citibike-tripdata/201805-citibike-tripdata.csv,csv,346788777,False,15,tripduration|starttime|stoptime|start station id|start station name|start station latitude|start station longitude|end station id|end station name|end station latitude|end station longitude|bikeid|usertype|birth year|gender,-5052941747357603721
2018-citibike-tripdata,2018-citibike-tripdata/2018-citibike-tripdata/201807-citibike-tripdata.csv,csv,364208046,False,15,tripduration|starttime|stoptime|start station id|start station name|start station latitude|start station longitude|end station id|end station name|end station latitude|end station longitude|bikeid|usertype|birth year|gender,-5052941747357603721
2018-citibike-tripdata,2018-citibike-tripdata/2018-citibike-tripdata/201811-citibike-tripdata.csv,csv,239642680,False,15,tripduration|starttime|stoptime|start station id|start station name|start station latitude|start station longitude|end station id|end station name|end station latitude|end station longitude|bikeid|usertype|birth year|gender,-5052941747357603721
2018-citibike-tripdata,2018-citibike-tripdata/2018-citibike-tripdata/201804-citibike-tripdata_1.csv,csv,178639303,False,15,tripduration|starttime|stoptime|start station id|start station name|start station latitude|start station longitude|end station id|end station name|end station latitude|end station longitude|bikeid|usertype|birth year|gender,-5052941747357603721
2018-citibike-tripdata,2018-citibike-tripdata/2018-citibike-tripdata/201804-citibike-tripdata_2.csv,csv,56631067,False,15,tripduration|starttime|stoptime|start station id|start station name|start station latitude|start station longitude|end station id|end station name|end station latitude|end station longitude|bikeid|usertype|birth year|gender,-5052941747357603721
2018-citibike-tripdata,2018-citibike-tripdata/2018-citibike-tripdata/201808-citibike-tripdata.csv,csv,376643964,False,15,tripduration|starttime|stoptime|start station id|start station name|start station latitude|start station longitude|end station id|end station name|end station latitude|end station longitude|bikeid|usertype|birth year|gender,-5052941747357603721
2018-citibike-tripdata,2018-citibike-tripdata/2018-citibike-tripdata/201802-citibike-tripdata.csv,csv,159702866,False,15,tripduration|starttime|stoptime|start station id|start station name|start station latitude|start station longitude|end station id|end station name|end station latitude|end station longitude|bikeid|usertype|birth year|gender,-5052941747357603721
2018-citibike-tripdata,2018-citibike-tripdata/2018-citibike-tripdata/201812-citibike-tripdata.csv,csv,193411177,False,15,tripduration|starttime|stoptime|start station id|start station name|start station latitude|start station longitude|end station id|end station name|end station latitude|end station longitude|bikeid|usertype|birth year|gender,-5052941747357603721
2018-citibike-tripdata,2018-citibike-tripdata/2018-citibike-tripdata/201804-citibike-tripdata.csv,csv,248398688,False,15,tripduration|starttime|stoptime|start station id|start station name|start station latitude|start station longitude|end station id|end station name|end station latitude|end station longitude|bikeid|usertype|birth year|gender,-5052941747357603721
2018-citibike-tripdata,2018-citibike-tripdata/2018-citibike-tripdata/201810-citibike-tripdata.csv,csv,357616248,False,15,tripduration|starttime|stoptime|start station id|start station name|start station latitude|start station longitude|end station id|end station name|end station latitude|end station longitude|bikeid|usertype|birth year|gender,-5052941747357603721
2018-citibike-tripdata,2018-citibike-tripdata/2018-citibike-tripdata/201806-citibike-tripdata.csv,csv,371493210,False,15,tripduration|starttime|stoptime|start station id|start station name|start station latitude|start station longitude|end station id|end station name|end station latitude|end station longitude|bikeid|usertype|birth year|gender,-5052941747357603721
2018-citibike-tripdata,2018-citibike-tripdata/2018-citibike-tripdata/4_April/201804-citibike-tripdata_1.csv,csv,178639303,False,15,tripduration|starttime|stoptime|start station id|start station name|start station latitude|start station longitude|end station id|end station name|end station latitude|end station longitude|bikeid|usertype|birth year|gender,-5052941747357603721
2018-citibike-tripdata,2018-citibike-tripdata/2018-citibike-tripdata/4_April/201804-citibike-tripdata_2.csv,csv,56631067,False,15,tripduration|starttime|stoptime|start station id|start station name|start station latitude|start station longitude|end station id|end station name|end station latitude|end station longitude|bikeid|usertype|birth year|gender,-5052941747357603721
2018-citibike-tripdata,2018-citibike-tripdata/2018-citibike-tripdata/12_December/201812-citibike-tripdata_1.csv,csv,184209148,False,15,tripduration|starttime|stoptime|start station id|start station name|start station latitude|start station longitude|end station id|end station name|end station latitude|end station longitude|bikeid|usertype|birth year|gender,-5052941747357603721
2018-citibike-tripdata,2018-citibike-tripdata/2018-citibike-tripdata/12_December/201812-citibike-tripdata_2.csv,csv,3045747,False,15,tripduration|starttime|stoptime|start station id|start station name|start station latitude|start station longitude|end station id|end station name|end station latitude|end station longitude|bikeid|usertype|birth year|gender,-5052941747357603721
2018-citibike-tripdata,2018-citibike-tripdata/2018-citibike-tripdata/11_November/201811-citibike-tripdata_2.csv,csv,47905288,False,15,tripduration|starttime|stoptime|start station id|start station name|start station latitude|start station longitude|end station id|end station name|end station latitude|end station longitude|bikeid|usertype|birth year|gender,-5052941747357603721
2018-citibike-tripdata,2018-citibike-tripdata/2018-citibike-tripdata/11_November/201811-citibike-tripdata_1.csv,csv,184104175,False,15,tripduration|starttime|stoptime|start station id|start station name|start station latitude|start station longitude|end station id|end station name|end station latitude|end station longitude|bikeid|usertype|birth year|gender,-5052941747357603721
2018-citibike-tripdata,2018-citibike-tripdata/2018-citibike-tripdata/7_July/201807-citibike-tripdata_2.csv,csv,167346952,False,15,tripduration|starttime|stoptime|start station id|start station name|start station latitude|start station longitude|end station id|end station name|end station latitude|end station longitude|bikeid|usertype|birth year|gender,-5052941747357603721
2018-citibike-tripdata,2018-citibike-tripdata/2018-citibike-tripdata/7_July/201807-citibike-tripdata_1.csv,csv,177626130,False,15,tripduration|starttime|stoptime|start station id|start station name|start station latitude|start station longitude|end station id|end station name|end station latitude|end station longitude|bikeid|usertype|birth year|gender,-5052941747357603721
2018-citibike-tripdata,2018-citibike-tripdata/2018-citibike-tripdata/10_October/201810-citibike-tripdata_1.csv,csv,184387865,False,15,tripduration|starttime|stoptime|start station id|start station name|start station latitude|start station longitude|end station id|end station name|end station latitude|end station longitude|bikeid|usertype|birth year|gender,-5052941747357603721
2018-citibike-tripdata,2018-citibike-tripdata/2018-citibike-tripdata/10_October/201810-citibike-tripdata_2.csv,csv,161844682,False,15,tripduration|starttime|stoptime|start station id|start station name|start station latitude|start station longitude|end station id|end station name|end station latitude|end station longitude|bikeid|usertype|birth year|gender,-5052941747357603721
2018-citibike-tripdata,2018-citibike-tripdata/2018-citibike-tripdata/9_September/201809-citibike-tripdata_1.csv,csv,184520007,False,15,tripduration|starttime|stoptime|start station id|start station name|start station latitude|start station longitude|end station id|end station name|end station latitude|end station longitude|bikeid|usertype|birth year|gender,-5052941747357603721
2018-citibike-tripdata,2018-citibike-tripdata/2018-citibike-tripdata/9_September/201809-citibike-tripdata_2.csv,csv,161913535,False,15,tripduration|starttime|stoptime|start station id|start station name|start station latitude|start station longitude|end station id|end station name|end station latitude|end station longitude|bikeid|usertype|birth year|gender,-5052941747357603721
2018-citibike-tripdata,2018-citibike-tripdata/2018-citibike-tripdata/8_August/201808-citibike-tripdata_2.csv,csv,180275051,False,15,tripduration|starttime|stoptime|start station id|start station name|start station latitude|start station longitude|end station id|end station name|end station latitude|end station longitude|bikeid|usertype|birth year|gender,-5052941747357603721
2018-citibike-tripdata,2018-citibike-tripdata/2018-citibike-tripdata/8_August/201808-citibike-tripdata_1.csv,csv,184373675,False,15,tripduration|starttime|stoptime|start station id|start station name|start station latitude|start station longitude|end station id|end station name|end station latitude|end station longitude|bikeid|usertype|birth year|gender,-5052941747357603721
2018-citibike-tripdata,2018-citibike-tripdata/2018-citibike-tripdata/6_June/201806-citibike-tripdata_1.csv,csv,177683563,False,15,tripduration|starttime|stoptime|start station id|start station name|start station latitude|start station longitude|end station id|end station name|end station latitude|end station longitude|bikeid|usertype|birth year|gender,-5052941747357603721
2018-citibike-tripdata,2018-citibike-tripdata/2018-citibike-tripdata/6_June/201806-citibike-tripdata_2.csv,csv,174186327,False,15,tripduration|starttime|stoptime|start station id|start station name|start station latitude|start station longitude|end station id|end station name|end station latitude|end station longitude|bikeid|usertype|birth year|gender,-5052941747357603721
2018-citibike-tripdata,2018-citibike-tripdata/2018-citibike-tripdata/3_March/201803-citibike-tripdata_1.csv,csv,175238901,False,15,tripduration|starttime|stoptime|start station id|start station name|start station latitude|start station longitude|end station id|end station name|end station latitude|end station longitude|bikeid|usertype|birth year|gender,-5052941747357603721
2018-citibike-tripdata,2018-citibike-tripdata/2018-citibike-tripdata/1_January/201801-citibike-tripdata_1.csv,csv,128744321,False,15,tripduration|starttime|stoptime|start station id|start station name|start station latitude|start station longitude|end station id|end station name|end station latitude|end station longitude|bikeid|usertype|birth year|gender,-5052941747357603721
2018-citibike-tripdata,2018-citibike-tripdata/2018-citibike-tripdata/2_February/201802-citibike-tripdata_1.csv,csv,151244495,False,15,tripduration|starttime|stoptime|start station id|start station name|start station latitude|start station longitude|end station id|end station name|end station latitude|end station longitude|bikeid|usertype|birth year|gender,-5052941747357603721
2018-citibike-tripdata,2018-citibike-tripdata/2018-citibike-tripdata/5_May/201805-citibike-tripdata_2.csv,csv,151076702,False,15,tripduration|starttime|stoptime|start station id|start station name|start station latitude|start station longitude|end station id|end station name|end station latitude|end station longitude|bikeid|usertype|birth year|gender,-5052941747357603721
2018-citibike-tripdata,2018-citibike-tripdata/2018-citibike-tripdata/5_May/201805-citibike-tripdata_1.csv,csv,177392967,False,15,tripduration|starttime|stoptime|start station id|start station name|start station latitude|start station longitude|end station id|end station name|end station latitude|end station longitude|bikeid|usertype|birth year|gender,-5052941747357603721
2019-citibike-tripdata,2019-citibike-tripdata/2019-citibike-tripdata/4_April/201904-citibike-tripdata_2.csv,csv,138335737,False,15,tripduration|starttime|stoptime|start station id|start station name|start station latitude|start station longitude|end station id|end station name|end station latitude|end station longitude|bikeid|usertype|birth year|gender,-5052941747357603721
2019-citibike-tripdata,2019-citibike-tripdata/2019-citibike-tripdata/4_April/201904-citibike-tripdata_1.csv,csv,180553113,False,15,tripduration|starttime|stoptime|start station id|start station name|start station latitude|start station longitude|end station id|end station name|end station latitude|end station longitude|bikeid|usertype|birth year|gender,-5052941747357603721
2019-citibike-tripdata,2019-citibike-tripdata/2019-citibike-tripdata/12_December/201912-citibike-tripdata_1.csv,csv,171247300,False,15,tripduration|starttime|stoptime|start station id|start station name|start station latitude|start station longitude|end station id|end station name|end station latitude|end station longitude|bikeid|usertype|birth year|gender,-5052941747357603721
2019-citibike-tripdata,2019-citibike-tripdata/2019-citibike-tripdata/11_November/201911-citibike-tripdata_1.csv,csv,179392575,False,15,tripduration|starttime|stoptime|start station id|start station name|start station latitude|start station longitude|end station id|end station name|end station latitude|end station longitude|bikeid|usertype|birth year|gender,-5052941747357603721
2019-citibike-tripdata,2019-citibike-tripdata/2019-citibike-tripdata/11_November/201911-citibike-tripdata_2.csv,csv,85840249,False,15,tripduration|starttime|stoptime|start station id|start station name|start station latitude|start station longitude|end station id|end station name|end station latitude|end station longitude|bikeid|usertype|birth year|gender,-5052941747357603721
2019-citibike-tripdata,2019-citibike-tripdata/2019-citibike-tripdata/7_July/201907-citibike-tripdata_1.csv,csv,184501451,False,15,tripduration|starttime|stoptime|start station id|start station name|start station latitude|start station longitude|end station id|end station name|end station latitude|end station longitude|bikeid|usertype|birth year|gender,-5052941747357603721
2019-citibike-tripdata,2019-citibike-tripdata/2019-citibike-tripdata/7_July/201907-citibike-tripdata_3.csv,csv,33321993,False,15,tripduration|starttime|stoptime|start station id|start station name|start station latitude|start station longitude|end station id|end station name|end station latitude|end station longitude|bikeid|usertype|birth year|gender,-5052941747357603721
2019-citibike-tripdata,2019-citibike-tripdata/2019-citibike-tripdata/7_July/201907-citibike-tripdata_2.csv,csv,184244928,False,15,tripduration|starttime|stoptime|start station id|start station name|start station latitude|start station longitude|end station id|end station name|end station latitude|end station longitude|bikeid|usertype|birth year|gender,-5052941747357603721
2019-citibike-tripdata,2019-citibike-tripdata/2019-citibike-tripdata/10_October/201910-citibike-tripdata_3.csv,csv,16607685,False,15,tripduration|starttime|stoptime|start station id|start station name|start station latitude|start station longitude|end station id|end station name|end station latitude|end station longitude|bikeid|usertype|birth year|gender,-5052941747357603721
2019-citibike-tripdata,2019-citibike-tripdata/2019-citibike-tripdata/10_October/201910-citibike-tripdata_2.csv,csv,179522780,False,15,tripduration|starttime|stoptime|start station id|start station name|start station latitude|start station longitude|end station id|end station name|end station latitude|end station longitude|bikeid|usertype|birth year|gender,-5052941747357603721
2019-citibike-tripdata,2019-citibike-tripdata/2019-citibike-tripdata/10_October/201910-citibike-tripdata_1.csv,csv,179732299,False,15,tripduration|starttime|stoptime|start station id|start station name|start station latitude|start station longitude|end station id|end station name|end station latitude|end station longitude|bikeid|usertype|birth year|gender,-5052941747357603721
2019-citibike-tripdata,2019-citibike-tripdata/2019-citibike-tripdata/9_September/201909-citibike-tripdata_3.csv,csv,80073400,False,15,tripduration|starttime|stoptime|start station id|start station name|start station latitude|start station longitude|end station id|end station name|end station latitude|end station longitude|bikeid|usertype|birth year|gender,-5052941747357603721
2019-citibike-tripdata,2019-citibike-tripdata/2019-citibike-tripdata/9_September/201909-citibike-tripdata_2.csv,csv,179942782,False,15,tripduration|starttime|stoptime|start station id|start station name|start station latitude|start station longitude|end station id|end station name|end station latitude|end station longitude|bikeid|usertype|birth year|gender,-5052941747357603721
2019-citibike-tripdata,2019-citibike-tripdata/2019-citibike-tripdata/9_September/201909-citibike-tripdata_1.csv,csv,179837782,False,15,tripduration|starttime|stoptime|start station id|start station name|start station latitude|start station longitude|end station id|end station name|end station latitude|end station longitude|bikeid|usertype|birth year|gender,-5052941747357603721
2019-citibike-tripdata,2019-citibike-tripdata/2019-citibike-tripdata/8_August/201908-citibike-tripdata_1.csv,csv,184319912,False,15,tripduration|starttime|stoptime|start station id|start station name|start station latitude|start station longitude|end station id|end station name|end station latitude|end station longitude|bikeid|usertype|birth year|gender,-5052941747357603721
2019-citibike-tripdata,2019-citibike-tripdata/2019-citibike-tripdata/8_August/201908-citibike-tripdata_2.csv,csv,184130960,False,15,tripduration|starttime|stoptime|start station id|start station name|start station latitude|start station longitude|end station id|end station name|end station latitude|end station longitude|bikeid|usertype|birth year|gender,-5052941747357603721
2019-citibike-tripdata,2019-citibike-tripdata/2019-citibike-tripdata/8_August/201908-citibike-tripdata_3.csv,csv,63287709,False,15,tripduration|starttime|stoptime|start station id|start station name|start station latitude|start station longitude|end station id|end station name|end station latitude|end station longitude|bikeid|usertype|birth year|gender,-5052941747357603721
2019-citibike-tripdata,2019-citibike-tripdata/2019-citibike-tripdata/6_June/201906-citibike-tripdata_2.csv,csv,180589498,False,15,tripduration|starttime|stoptime|start station id|start station name|start station latitude|start station longitude|end station id|end station name|end station latitude|end station longitude|bikeid|usertype|birth year|gender,-5052941747357603721
2019-citibike-tripdata,2019-citibike-tripdata/2019-citibike-tripdata/6_June/201906-citibike-tripdata_3.csv,csv,22719550,False,15,tripduration|starttime|stoptime|start station id|start station name|start station latitude|start station longitude|end station id|end station name|end station latitude|end station longitude|bikeid|usertype|birth year|gender,-5052941747357603721
2019-citibike-tripdata,2019-citibike-tripdata/2019-citibike-tripdata/6_June/201906-citibike-tripdata_1.csv,csv,180682497,False,15,tripduration|starttime|stoptime|start station id|start station name|start station latitude|start station longitude|end station id|end station name|end station latitude|end station longitude|bikeid|usertype|birth year|gender,-5052941747357603721
2019-citibike-tripdata,2019-citibike-tripdata/2019-citibike-tripdata/3_March/201903-citibike-tripdata_1.csv,csv,184441211,False,15,tripduration|starttime|stoptime|start station id|start station name|start station latitude|start station longitude|end station id|end station name|end station latitude|end station longitude|bikeid|usertype|birth year|gender,-5052941747357603721
2019-citibike-tripdata,2019-citibike-tripdata/2019-citibike-tripdata/3_March/201903-citibike-tripdata_2.csv,csv,60518983,False,15,tripduration|starttime|stoptime|start station id|start station name|start station latitude|start station longitude|end station id|end station name|end station latitude|end station longitude|bikeid|usertype|birth year|gender,-5052941747357603721
2019-citibike-tripdata,2019-citibike-tripdata/2019-citibike-tripdata/1_January/201901-citibike-tripdata_1.csv,csv,178079592,False,15,tripduration|starttime|stoptime|start station id|start station name|start station latitude|start station longitude|end station id|end station name|end station latitude|end station longitude|bikeid|usertype|birth year|gender,-5052941747357603721
2019-citibike-tripdata,2019-citibike-tripdata/2019-citibike-tripdata/2_February/201902-citibike-tripdata_1.csv,csv,173854205,False,15,tripduration|starttime|stoptime|start station id|start station name|start station latitude|start station longitude|end station id|end station name|end station latitude|end station longitude|bikeid|usertype|birth year|gender,-5052941747357603721
2019-citibike-tripdata,2019-citibike-tripdata/2019-citibike-tripdata/5_May/201905-citibike-tripdata_1.csv,csv,180474740,False,15,tripduration|starttime|stoptime|start station id|start station name|start station latitude|start station longitude|end station id|end station name|end station latitude|end station longitude|bikeid|usertype|birth year|gender,-5052941747357603721
2019-citibike-tripdata,2019-citibike-tripdata/2019-citibike-tripdata/5_May/201905-citibike-tripdata_2.csv,csv,167167644,False,15,tripduration|starttime|stoptime|start station id|start station name|start station latitude|start station longitude|end station id|end station name|end station latitude|end station longitude|bikeid|usertype|birth year|gender,-5052941747357603721
2020-citibike-tripdata,2020-citibike-tripdata/2020-citibike-tripdata/202008-citibike-tripdata/202008-citibike-tripdata_3.csv,csv,61884132,False,13,ride_id|rideable_type|started_at|ended_at|start_station_name|start_station_id|end_station_name|end_station_id|start_lat|start_lng|end_lat|end_lng|member_casual,9185961916751904723
2020-citibike-tripdata,2020-citibike-tripdata/2020-citibike-tripdata/202008-citibike-tripdata/202008-citibike-tripdata_2.csv,csv,184402609,False,13,ride_id|rideable_type|started_at|ended_at|start_station_name|start_station_id|end_station_name|end_station_id|start_lat|start_lng|end_lat|end_lng|member_casual,9185961916751904723
2020-citibike-tripdata,2020-citibike-tripdata/2020-citibike-tripdata/202008-citibike-tripdata/202008-citibike-tripdata_1.csv,csv,185220405,False,13,ride_id|rideable_type|started_at|ended_at|start_station_name|start_station_id|end_station_name|end_station_id|start_lat|start_lng|end_lat|end_lng|member_casual,9185961916751904723
2020-citibike-tripdata,2020-citibike-tripdata/2020-citibike-tripdata/202011-citibike-tripdata/202011-citibike-tripdata_2.csv,csv,136924322,False,13,ride_id|rideable_type|started_at|ended_at|start_station_name|start_station_id|end_station_name|end_station_id|start_lat|start_lng|end_lat|end_lng|member_casual,9185961916751904723
2020-citibike-tripdata,2020-citibike-tripdata/2020-citibike-tripdata/202011-citibike-tripdata/202011-citibike-tripdata_1.csv,csv,185079598,False,13,ride_id|rideable_type|started_at|ended_at|start_station_name|start_station_id|end_station_name|end_station_id|start_lat|start_lng|end_lat|end_lng|member_casual,9185961916751904723
2020-citibike-tripdata,2020-citibike-tripdata/2020-citibike-tripdata/202009-citibike-tripdata/202009-citibike-tripdata_1.csv,csv,185339506,False,13,ride_id|rideable_type|started_at|ended_at|start_station_name|start_station_id|end_station_name|end_station_id|start_lat|start_lng|end_lat|end_lng|member_casual,9185961916751904723
2020-citibike-tripdata,2020-citibike-tripdata/2020-citibike-tripdata/202009-citibike-tripdata/202009-citibike-tripdata_2.csv,csv,184200388,False,13,ride_id|rideable_type|started_at|ended_at|start_station_name|start_station_id|end_station_name|end_station_id|start_lat|start_lng|end_lat|end_lng|member_casual,9185961916751904723
2020-citibike-tripdata,2020-citibike-tripdata/2020-citibike-tripdata/202009-citibike-tripdata/202009-citibike-tripdata_3.csv,csv,91438191,False,13,ride_id|rideable_type|started_at|ended_at|start_station_name|start_station_id|end_station_name|end_station_id|start_lat|start_lng|end_lat|end_lng|member_casual,9185961916751904723
2020-citibike-tripdata,2020-citibike-tripdata/2020-citibike-tripdata/202010-citibike-tripdata/202010-citibike-tripdata_1.csv,csv,184865627,False,13,ride_id|rideable_type|started_at|ended_at|start_station_name|start_station_id|end_station_name|end_station_id|start_lat|start_lng|end_lat|end_lng|member_casual,9185961916751904723
2020-citibike-tripdata,2020-citibike-tripdata/2020-citibike-tripdata/202010-citibike-tripdata/202010-citibike-tripdata_2.csv,csv,184617494,False,13,ride_id|rideable_type|started_at|ended_at|start_station_name|start_station_id|end_station_name|end_station_id|start_lat|start_lng|end_lat|end_lng|member_casual,9185961916751904723
2020-citibike-tripdata,2020-citibike-tripdata/2020-citibike-tripdata/202010-citibike-tripdata/202010-citibike-tripdata_3.csv,csv,47114310,False,13,ride_id|rideable_type|started_at|ended_at|start_station_name|start_station_id|end_station_name|end_station_id|start_lat|start_lng|end_lat|end_lng|member_casual,9185961916751904723
2020-citibike-tripdata,2020-citibike-tripdata/2020-citibike-tripdata/202012-citibike-tripdata/202012-citibike-tripdata_1.csv,csv,184508340,False,13,ride_id|rideable_type|started_at|ended_at|start_station_name|start_station_id|end_station_name|end_station_id|start_lat|start_lng|end_lat|end_lng|member_casual,9185961916751904723
2020-citibike-tripdata,2020-citibike-tripdata/2020-citibike-tripdata/202012-citibike-tripdata/202012-citibike-tripdata_2.csv,csv,17008354,False,13,ride_id|rideable_type|started_at|ended_at|start_station_name|start_station_id|end_station_name|end_station_id|start_lat|start_lng|end_lat|end_lng|member_casual,9185961916751904723
2020-citibike-tripdata,2020-citibike-tripdata/2020-citibike-tripdata/202007-citibike-tripdata/202007-citibike-tripdata_2.csv,csv,184760255,False,13,ride_id|rideable_type|started_at|ended_at|start_station_name|start_station_id|end_station_name|end_station_id|start_lat|start_lng|end_lat|end_lng|member_casual,9185961916751904723
2020-citibike-tripdata,2020-citibike-tripdata/2020-citibike-tripdata/202007-citibike-tripdata/202007-citibike-tripdata_3.csv,csv,20601299,False,13,ride_id|rideable_type|started_at|ended_at|start_station_name|start_station_id|end_station_name|end_station_id|start_lat|start_lng|end_lat|end_lng|member_casual,9185961916751904723
2020-citibike-tripdata,2020-citibike-tripdata/2020-citibike-tripdata/202007-citibike-tripdata/202007-citibike-tripdata_1.csv,csv,184245650,False,13,ride_id|rideable_type|started_at|ended_at|start_station_name|start_station_id|end_station_name|end_station_id|start_lat|start_lng|end_lat|end_lng|member_casual,9185961916751904723
2020-citibike-tripdata,2020-citibike-tripdata/2020-citibike-tripdata/202002-citibike-tripdata/202002-citibike-tripdata_1.csv,csv,183403063,False,13,ride_id|rideable_type|started_at|ended_at|start_station_name|start_station_id|end_station_name|end_station_id|start_lat|start_lng|end_lat|end_lng|member_casual,9185961916751904723
2020-citibike-tripdata,2020-citibike-tripdata/2020-citibike-tripdata/202002-citibike-tripdata/202002-citibike-tripdata_2.csv,csv,27332243,False,13,ride_id|rideable_type|started_at|ended_at|start_station_name|start_station_id|end_station_name|end_station_id|start_lat|start_lng|end_lat|end_lng|member_casual,9185961916751904723
2020-citibike-tripdata,2020-citibike-tripdata/2020-citibike-tripdata/202006-citibike-tripdata/202006-citibike-tripdata_1.csv,csv,185033113,False,13,ride_id|rideable_type|started_at|ended_at|start_station_name|start_station_id|end_station_name|end_station_id|start_lat|start_lng|end_lat|end_lng|member_casual,9185961916751904723
2020-citibike-tripdata,2020-citibike-tripdata/2020-citibike-tripdata/202006-citibike-tripdata/202006-citibike-tripdata_2.csv,csv,164017938,False,13,ride_id|rideable_type|started_at|ended_at|start_station_name|start_station_id|end_station_name|end_station_id|start_lat|start_lng|end_lat|end_lng|member_casual,9185961916751904723
2020-citibike-tripdata,2020-citibike-tripdata/2020-citibike-tripdata/202003-citibike-tripdata/202003-citibike-tripdata_2.csv,csv,13157832,False,13,ride_id|rideable_type|started_at|ended_at|start_station_name|start_station_id|end_station_name|end_station_id|start_lat|start_lng|end_lat|end_lng|member_casual,9185961916751904723
2020-citibike-tripdata,2020-citibike-tripdata/2020-citibike-tripdata/202003-citibike-tripdata/202003-citibike-tripdata_1.csv,csv,183834501,False,13,ride_id|rideable_type|started_at|ended_at|start_station_name|start_station_id|end_station_name|end_station_id|start_lat|start_lng|end_lat|end_lng|member_casual,9185961916751904723
2020-citibike-tripdata,2020-citibike-tripdata/2020-citibike-tripdata/202005-citibike-tripdata/202005-citibike-tripdata_2.csv,csv,91248330,False,13,ride_id|rideable_type|started_at|ended_at|start_station_name|start_station_id|end_station_name|end_station_id|start_lat|start_lng|end_lat|end_lng|member_casual,9185961916751904723
2020-citibike-tripdata,2020-citibike-tripdata/2020-citibike-tripdata/202005-citibike-tripdata/202005-citibike-tripdata_1.csv,csv,184694949,False,13,ride_id|rideable_type|started_at|ended_at|start_station_name|start_station_id|end_station_name|end_station_id|start_lat|start_lng|end_lat|end_lng|member_casual,9185961916751904723
2020-citibike-tripdata,2020-citibike-tripdata/2020-citibike-tripdata/202004-citibike-tripdata/202004-citibike-tripdata_1.csv,csv,126390320,False,13,ride_id|rideable_type|started_at|ended_at|start_station_name|start_station_id|end_station_name|end_station_id|start_lat|start_lng|end_lat|end_lng|member_casual,9185961916751904723
2020-citibike-tripdata,2020-citibike-tripdata/2020-citibike-tripdata/202001-citibike-tripdata/202001-citibike-tripdata_2.csv,csv,44594351,False,13,ride_id|rideable_type|started_at|ended_at|start_station_name|start_station_id|end_station_name|end_station_id|start_lat|start_lng|end_lat|end_lng|member_casual,9185961916751904723
2020-citibike-tripdata,2020-citibike-tripdata/2020-citibike-tripdata/202001-citibike-tripdata/202001-citibike-tripdata_1.csv,csv,183255393,False,13,ride_id|rideable_type|started_at|ended_at|start_station_name|start_station_id|end_station_name|end_station_id|start_lat|start_lng|end_lat|end_lng|member_casual,9185961916751904723
2021-citibike-tripdata,2021-citibike-tripdata/2021-citibike-tripdata/202108-citibike-tripdata/202108-citibike-tripdata_4.csv,csv,2551926,False,13,ride_id|rideable_type|started_at|ended_at|start_station_name|start_station_id|end_station_name|end_station_id|start_lat|start_lng|end_lat|end_lng|member_casual,9185961916751904723
2021-citibike-tripdata,2021-citibike-tripdata/2021-citibike-tripdata/202108-citibike-tripdata/202108-citibike-tripdata_1.csv,csv,194110536,False,13,ride_id|rideable_type|started_at|ended_at|start_station_name|start_station_id|end_station_name|end_station_id|start_lat|start_lng|end_lat|end_lng|member_casual,9185961916751904723
2021-citibike-tripdata,2021-citibike-tripdata/2021-citibike-tripdata/202108-citibike-tripdata/202108-citibike-tripdata_2.csv,csv,195303047,False,13,ride_id|rideable_type|started_at|ended_at|start_station_name|start_station_id|end_station_name|end_station_id|start_lat|start_lng|end_lat|end_lng|member_casual,9185961916751904723
2021-citibike-tripdata,2021-citibike-tripdata/2021-citibike-tripdata/202108-citibike-tripdata/202108-citibike-tripdata_3.csv,csv,193972911,False,13,ride_id|rideable_type|started_at|ended_at|start_station_name|start_station_id|end_station_name|end_station_id|start_lat|start_lng|end_lat|end_lng|member_casual,9185961916751904723
2021-citibike-tripdata,2021-citibike-tripdata/2021-citibike-tripdata/202111-citibike-tripdata/202111-citibike-tripdata_1.csv,csv,194222747,False,13,ride_id|rideable_type|started_at|ended_at|start_station_name|start_station_id|end_station_name|end_station_id|start_lat|start_lng|end_lat|end_lng|member_casual,9185961916751904723
2021-citibike-tripdata,2021-citibike-tripdata/2021-citibike-tripdata/202111-citibike-tripdata/202111-citibike-tripdata_2.csv,csv,194777150,False,13,ride_id|rideable_type|started_at|ended_at|start_station_name|start_station_id|end_station_name|end_station_id|start_lat|start_lng|end_lat|end_lng|member_casual,9185961916751904723
2021-citibike-tripdata,2021-citibike-tripdata/2021-citibike-tripdata/202111-citibike-tripdata/202111-citibike-tripdata_3.csv,csv,22106491,False,13,ride_id|rideable_type|started_at|ended_at|start_station_name|start_station_id|end_station_name|end_station_id|start_lat|start_lng|end_lat|end_lng|member_casual,9185961916751904723
2021-citibike-tripdata,2021-citibike-tripdata/2021-citibike-tripdata/202109-citibike-tripdata/202109-citibike-tripdata_3.csv,csv,194154392,False,13,ride_id|rideable_type|started_at|ended_at|start_station_name|start_station_id|end_station_name|end_station_id|start_lat|start_lng|end_lat|end_lng|member_casual,9185961916751904723
2021-citibike-tripdata,2021-citibike-tripdata/2021-citibike-tripdata/202109-citibike-tripdata/202109-citibike-tripdata_2.csv,csv,193773253,False,13,ride_id|rideable_type|started_at|ended_at|start_station_name|start_station_id|end_station_name|end_station_id|start_lat|start_lng|end_lat|end_lng|member_casual,9185961916751904723
2021-citibike-tripdata,2021-citibike-tripdata/2021-citibike-tripdata/202109-citibike-tripdata/202109-citibike-tripdata_1.csv,csv,195453996,False,13,ride_id|rideable_type|started_at|ended_at|start_station_name|start_station_id|end_station_name|end_station_id|start_lat|start_lng|end_lat|end_lng|member_casual,9185961916751904723
2021-citibike-tripdata,2021-citibike-tripdata/2021-citibike-tripdata/202109-citibike-tripdata/202109-citibike-tripdata_4.csv,csv,43162054,False,13,ride_id|rideable_type|started_at|ended_at|start_station_name|start_station_id|end_station_name|end_station_id|start_lat|start_lng|end_lat|end_lng|member_casual,9185961916751904723
2021-citibike-tripdata,2021-citibike-tripdata/2021-citibike-tripdata/202110-citibike-tripdata/202110-citibike-tripdata_3.csv,csv,194829624,False,13,ride_id|rideable_type|started_at|ended_at|start_station_name|start_station_id|end_station_name|end_station_id|start_lat|start_lng|end_lat|end_lng|member_casual,9185961916751904723
2021-citibike-tripdata,2021-citibike-tripdata/2021-citibike-tripdata/202110-citibike-tripdata/202110-citibike-tripdata_2.csv,csv,193816026,False,13,ride_id|rideable_type|started_at|ended_at|start_station_name|start_station_id|end_station_name|end_station_id|start_lat|start_lng|end_lat|end_lng|member_casual,9185961916751904723
2021-citibike-tripdata,2021-citibike-tripdata/2021-citibike-tripdata/202110-citibike-tripdata/202110-citibike-tripdata_1.csv,csv,195118114,False,13,ride_id|rideable_type|started_at|ended_at|start_station_name|start_station_id|end_station_name|end_station_id|start_lat|start_lng|end_lat|end_lng|member_casual,9185961916751904723
2021-citibike-tripdata,2021-citibike-tripdata/2021-citibike-tripdata/202110-citibike-tripdata/202110-citibike-tripdata_4.csv,csv,2130719,False,13,ride_id|rideable_type|started_at|ended_at|start_station_name|start_station_id|end_station_name|end_station_id|start_lat|start_lng|end_lat|end_lng|member_casual,9185961916751904723
2021-citibike-tripdata,2021-citibike-tripdata/2021-citibike-tripdata/202112-citibike-tripdata/202112-citibike-tripdata_2.csv,csv,137274818,False,13,ride_id|rideable_type|started_at|ended_at|start_station_name|start_station_id|end_station_name|end_station_id|start_lat|start_lng|end_lat|end_lng|member_casual,9185961916751904723
2021-citibike-tripdata,2021-citibike-tripdata/2021-citibike-tripdata/202112-citibike-tripdata/202112-citibike-tripdata_1.csv,csv,194772867,False,13,ride_id|rideable_type|started_at|ended_at|start_station_name|start_station_id|end_station_name|end_station_id|start_lat|start_lng|end_lat|end_lng|member_casual,9185961916751904723
2021-citibike-tripdata,2021-citibike-tripdata/2021-citibike-tripdata/202107-citibike-tripdata/202107-citibike-tripdata_4.csv,csv,4186710,False,13,ride_id|rideable_type|started_at|ended_at|start_station_name|start_station_id|end_station_name|end_station_id|start_lat|start_lng|end_lat|end_lng|member_casual,9185961916751904723
2021-citibike-tripdata,2021-citibike-tripdata/2021-citibike-tripdata/202107-citibike-tripdata/202107-citibike-tripdata_1.csv,csv,194283763,False,13,ride_id|rideable_type|started_at|ended_at|start_station_name|start_station_id|end_station_name|end_station_id|start_lat|start_lng|end_lat|end_lng|member_casual,9185961916751904723
2021-citibike-tripdata,2021-citibike-tripdata/2021-citibike-tripdata/202107-citibike-tripdata/202107-citibike-tripdata_3.csv,csv,194500374,False,13,ride_id|rideable_type|started_at|ended_at|start_station_name|start_station_id|end_station_name|end_station_id|start_lat|start_lng|end_lat|end_lng|member_casual,9185961916751904723
2021-citibike-tripdata,2021-citibike-tripdata/2021-citibike-tripdata/202107-citibike-tripdata/202107-citibike-tripdata_2.csv,csv,194444133,False,13,ride_id|rideable_type|started_at|ended_at|start_station_name|start_station_id|end_station_name|end_station_id|start_lat|start_lng|end_lat|end_lng|member_casual,9185961916751904723
2021-citibike-tripdata,2021-citibike-tripdata/2021-citibike-tripdata/202102-citibike-tripdata/202102-citibike-tripdata_1.csv,csv,119444241,False,13,ride_id|rideable_type|started_at|ended_at|start_station_name|start_station_id|end_station_name|end_station_id|start_lat|start_lng|end_lat|end_lng|member_casual,9185961916751904723
2021-citibike-tripdata,2021-citibike-tripdata/2021-citibike-tripdata/202106-citibike-tripdata/202106-citibike-tripdata_2.csv,csv,192045111,False,13,ride_id|rideable_type|started_at|ended_at|start_station_name|start_station_id|end_station_name|end_station_id|start_lat|start_lng|end_lat|end_lng|member_casual,9185961916751904723
2021-citibike-tripdata,2021-citibike-tripdata/2021-citibike-tripdata/202106-citibike-tripdata/202106-citibike-tripdata_3.csv,csv,190880947,False,13,ride_id|rideable_type|started_at|ended_at|start_station_name|start_station_id|end_station_name|end_station_id|start_lat|start_lng|end_lat|end_lng|member_casual,9185961916751904723
2021-citibike-tripdata,2021-citibike-tripdata/2021-citibike-tripdata/202106-citibike-tripdata/202106-citibike-tripdata_1.csv,csv,191129704,False,13,ride_id|rideable_type|started_at|ended_at|start_station_name|start_station_id|end_station_name|end_station_id|start_lat|start_lng|end_lat|end_lng|member_casual,9185961916751904723
2021-citibike-tripdata,2021-citibike-tripdata/2021-citibike-tripdata/202106-citibike-tripdata/202106-citibike-tripdata_4.csv,csv,21482904,False,13,ride_id|rideable_type|started_at|ended_at|start_station_name|start_station_id|end_station_name|end_station_id|start_lat|start_lng|end_lat|end_lng|member_casual,9185961916751904723
2021-citibike-tripdata,2021-citibike-tripdata/2021-citibike-tripdata/202103-citibike-tripdata/202103-citibike-tripdata_1.csv,csv,188833899,False,13,ride_id|rideable_type|started_at|ended_at|start_station_name|start_station_id|end_station_name|end_station_id|start_lat|start_lng|end_lat|end_lng|member_casual,9185961916751904723
2021-citibike-tripdata,2021-citibike-tripdata/2021-citibike-tripdata/202103-citibike-tripdata/202103-citibike-tripdata_2.csv,csv,94071429,False,13,ride_id|rideable_type|started_at|ended_at|start_station_name|start_station_id|end_station_name|end_station_id|start_lat|start_lng|end_lat|end_lng|member_casual,9185961916751904723
2021-citibike-tripdata,2021-citibike-tripdata/2021-citibike-tripdata/202105-citibike-tripdata/202105-citibike-tripdata_1.csv,csv,189790609,False,13,ride_id|rideable_type|started_at|ended_at|start_station_name|start_station_id|end_station_name|end_station_id|start_lat|start_lng|end_lat|end_lng|member_casual,9185961916751904723
2021-citibike-tripdata,2021-citibike-tripdata/2021-citibike-tripdata/202105-citibike-tripdata/202105-citibike-tripdata_2.csv,csv,189955297,False,13,ride_id|rideable_type|started_at|ended_at|start_station_name|start_station_id|end_station_name|end_station_id|start_lat|start_lng|end_lat|end_lng|member_casual,9185961916751904723
2021-citibike-tripdata,2021-citibike-tripdata/2021-citibike-tripdata/202105-citibike-tripdata/202105-citibike-tripdata_3.csv,csv,126329447,False,13,ride_id|rideable_type|started_at|ended_at|start_station_name|start_station_id|end_station_name|end_station_id|start_lat|start_lng|end_lat|end_lng|member_casual,9185961916751904723
2021-citibike-tripdata,2021-citibike-tripdata/2021-citibike-tripdata/202104-citibike-tripdata/202104-citibike-tripdata_3.csv,csv,4877925,False,13,ride_id|rideable_type|started_at|ended_at|start_station_name|start_station_id|end_station_name|end_station_id|start_lat|start_lng|end_lat|end_lng|member_casual,9185961916751904723
2021-citibike-tripdata,2021-citibike-tripdata/2021-citibike-tripdata/202104-citibike-tripdata/202104-citibike-tripdata_2.csv,csv,189636843,False,13,ride_id|rideable_type|started_at|ended_at|start_station_name|start_station_id|end_station_name|end_station_id|start_lat|start_lng|end_lat|end_lng|member_casual,9185961916751904723
2021-citibike-tripdata,2021-citibike-tripdata/2021-citibike-tripdata/202104-citibike-tripdata/202104-citibike-tripdata_1.csv,csv,188843286,False,13,ride_id|rideable_type|started_at|ended_at|start_station_name|start_station_id|end_station_name|end_station_id|start_lat|start_lng|end_lat|end_lng|member_casual,9185961916751904723
2021-citibike-tripdata,2021-citibike-tripdata/2021-citibike-tripdata/202101-citibike-tripdata/202101-citibike-tripdata_1.csv,csv,184470548,False,13,ride_id|rideable_type|started_at|ended_at|start_station_name|start_station_id|end_station_name|end_station_id|start_lat|start_lng|end_lat|end_lng|member_casual,9185961916751904723
2021-citibike-tripdata,2021-citibike-tripdata/2021-citibike-tripdata/202101-citibike-tripdata/202101-citibike-tripdata_2.csv,csv,18168713,False,13,ride_id|rideable_type|started_at|ended_at|start_station_name|start_station_id|end_station_name|end_station_id|start_lat|start_lng|end_lat|end_lng|member_casual,9185961916751904723
2022-citibike-tripdata,2022-citibike-tripdata/2022-citibike-tripdata/202211-citibike-tripdata/202211-citibike-tripdata_3.csv,csv,75725717,False,13,ride_id|rideable_type|started_at|ended_at|start_station_name|start_station_id|end_station_name|end_station_id|start_lat|start_lng|end_lat|end_lng|member_casual,9185961916751904723
2022-citibike-tripdata,2022-citibike-tripdata/2022-citibike-tripdata/202211-citibike-tripdata/202211-citibike-tripdata_2.csv,csv,195677707,False,13,ride_id|rideable_type|started_at|ended_at|start_station_name|start_station_id|end_station_name|end_station_id|start_lat|start_lng|end_lat|end_lng|member_casual,9185961916751904723
2022-citibike-tripdata,2022-citibike-tripdata/2022-citibike-tripdata/202211-citibike-tripdata/202211-citibike-tripdata_1.csv,csv,195900795,False,13,ride_id|rideable_type|started_at|ended_at|start_station_name|start_station_id|end_station_name|end_station_id|start_lat|start_lng|end_lat|end_lng|member_casual,9185961916751904723
2022-citibike-tripdata,2022-citibike-tripdata/2022-citibike-tripdata/202208-citibike-tripdata/202208-citibike-tripdata_3.csv,csv,194783052,False,13,ride_id|rideable_type|started_at|ended_at|start_station_name|start_station_id|end_station_name|end_station_id|start_lat|start_lng|end_lat|end_lng|member_casual,9185961916751904723
2022-citibike-tripdata,2022-citibike-tripdata/2022-citibike-tripdata/202208-citibike-tripdata/202208-citibike-tripdata_2.csv,csv,196067062,False,13,ride_id|rideable_type|started_at|ended_at|start_station_name|start_station_id|end_station_name|end_station_id|start_lat|start_lng|end_lat|end_lng|member_casual,9185961916751904723
2022-citibike-tripdata,2022-citibike-tripdata/2022-citibike-tripdata/202208-citibike-tripdata/202208-citibike-tripdata_1.csv,csv,196820590,False,13,ride_id|rideable_type|started_at|ended_at|start_station_name|start_station_id|end_station_name|end_station_id|start_lat|start_lng|end_lat|end_lng|member_casual,9185961916751904723
2022-citibike-tripdata,2022-citibike-tripdata/2022-citibike-tripdata/202208-citibike-tripdata/202208-citibike-tripdata_4.csv,csv,113174958,False,13,ride_id|rideable_type|started_at|ended_at|start_station_name|start_station_id|end_station_name|end_station_id|start_lat|start_lng|end_lat|end_lng|member_casual,9185961916751904723
2022-citibike-tripdata,2022-citibike-tripdata/2022-citibike-tripdata/202210-citibike-tripdata/202210-citibike-tripdata_1.csv,csv,195359655,False,13,ride_id|rideable_type|started_at|ended_at|start_station_name|start_station_id|end_station_name|end_station_id|start_lat|start_lng|end_lat|end_lng|member_casual,9185961916751904723
2022-citibike-tripdata,2022-citibike-tripdata/2022-citibike-tripdata/202210-citibike-tripdata/202210-citibike-tripdata_2.csv,csv,196279373,False,13,ride_id|rideable_type|started_at|ended_at|start_station_name|start_station_id|end_station_name|end_station_id|start_lat|start_lng|end_lat|end_lng|member_casual,9185961916751904723
2022-citibike-tripdata,2022-citibike-tripdata/2022-citibike-tripdata/202210-citibike-tripdata/202210-citibike-tripdata_3.csv,csv,183987983,False,13,ride_id|rideable_type|started_at|ended_at|start_station_name|start_station_id|end_station_name|end_station_id|start_lat|start_lng|end_lat|end_lng|member_casual,9185961916751904723
2022-citibike-tripdata,2022-citibike-tripdata/2022-citibike-tripdata/202209-citibike-tripdata/202209-citibike-tripdata_4.csv,csv,80508418,False,13,ride_id|rideable_type|started_at|ended_at|start_station_name|start_station_id|end_station_name|end_station_id|start_lat|start_lng|end_lat|end_lng|member_casual,9185961916751904723
2022-citibike-tripdata,2022-citibike-tripdata/2022-citibike-tripdata/202209-citibike-tripdata/202209-citibike-tripdata_1.csv,csv,195501759,False,13,ride_id|rideable_type|started_at|ended_at|start_station_name|start_station_id|end_station_name|end_station_id|start_lat|start_lng|end_lat|end_lng|member_casual,9185961916751904723
2022-citibike-tripdata,2022-citibike-tripdata/2022-citibike-tripdata/202209-citibike-tripdata/202209-citibike-tripdata_2.csv,csv,195838414,False,13,ride_id|rideable_type|started_at|ended_at|start_station_name|start_station_id|end_station_name|end_station_id|start_lat|start_lng|end_lat|end_lng|member_casual,9185961916751904723
2022-citibike-tripdata,2022-citibike-tripdata/2022-citibike-tripdata/202209-citibike-tripdata/202209-citibike-tripdata_3.csv,csv,196480293,False,13,ride_id|rideable_type|started_at|ended_at|start_station_name|start_station_id|end_station_name|end_station_id|start_lat|start_lng|end_lat|end_lng|member_casual,9185961916751904723
2022-citibike-tripdata,2022-citibike-tripdata/2022-citibike-tripdata/202212-citibike-tripdata/202212-citibike-tripdata_1.csv,csv,195430495,False,13,ride_id|rideable_type|started_at|ended_at|start_station_name|start_station_id|end_station_name|end_station_id|start_lat|start_lng|end_lat|end_lng|member_casual,9185961916751904723
2022-citibike-tripdata,2022-citibike-tripdata/2022-citibike-tripdata/202212-citibike-tripdata/202212-citibike-tripdata_2.csv,csv,116428817,False,13,ride_id|rideable_type|started_at|ended_at|start_station_name|start_station_id|end_station_name|end_station_id|start_lat|start_lng|end_lat|end_lng|member_casual,9185961916751904723
2022-citibike-tripdata,2022-citibike-tripdata/2022-citibike-tripdata/202202-citibike-tripdata/202202-citibike-tripdata_1.csv,csv,194988061,False,13,ride_id|rideable_type|started_at|ended_at|start_station_name|start_station_id|end_station_name|end_station_id|start_lat|start_lng|end_lat|end_lng|member_casual,9185961916751904723
2022-citibike-tripdata,2022-citibike-tripdata/2022-citibike-tripdata/202202-citibike-tripdata/202202-citibike-tripdata_2.csv,csv,38628032,False,13,ride_id|rideable_type|started_at|ended_at|start_station_name|start_station_id|end_station_name|end_station_id|start_lat|start_lng|end_lat|end_lng|member_casual,9185961916751904723
2022-citibike-tripdata,2022-citibike-tripdata/2022-citibike-tripdata/202207-citibike-tripdata/202207-citibike-tripdata_2.csv,csv,195557716,False,13,ride_id|rideable_type|started_at|ended_at|start_station_name|start_station_id|end_station_name|end_station_id|start_lat|start_lng|end_lat|end_lng|member_casual,9185961916751904723
2022-citibike-tripdata,2022-citibike-tripdata/2022-citibike-tripdata/202207-citibike-tripdata/202207-citibike-tripdata_3.csv,csv,196741427,False,13,ride_id|rideable_type|started_at|ended_at|start_station_name|start_station_id|end_station_name|end_station_id|start_lat|start_lng|end_lat|end_lng|member_casual,9185961916751904723
2022-citibike-tripdata,2022-citibike-tripdata/2022-citibike-tripdata/202207-citibike-tripdata/202207-citibike-tripdata_1.csv,csv,195663477,False,13,ride_id|rideable_type|started_at|ended_at|start_station_name|start_station_id|end_station_name|end_station_id|start_lat|start_lng|end_lat|end_lng|member_casual,9185961916751904723
2022-citibike-tripdata,2022-citibike-tripdata/2022-citibike-tripdata/202207-citibike-tripdata/202207-citibike-tripdata_4.csv,csv,77853330,False,13,ride_id|rideable_type|started_at|ended_at|start_station_name|start_station_id|end_station_name|end_station_id|start_lat|start_lng|end_lat|end_lng|member_casual,9185961916751904723
2022-citibike-tripdata,2022-citibike-tripdata/2022-citibike-tripdata/202203-citibike-tripdata/202203-citibike-tripdata_2.csv,csv,165146157,False,13,ride_id|rideable_type|started_at|ended_at|start_station_name|start_station_id|end_station_name|end_station_id|start_lat|start_lng|end_lat|end_lng|member_casual,9185961916751904723
2022-citibike-tripdata,2022-citibike-tripdata/2022-citibike-tripdata/202203-citibike-tripdata/202203-citibike-tripdata_1.csv,csv,195314852,False,13,ride_id|rideable_type|started_at|ended_at|start_station_name|start_station_id|end_station_name|end_station_id|start_lat|start_lng|end_lat|end_lng|member_casual,9185961916751904723
2022-citibike-tripdata,2022-citibike-tripdata/2022-citibike-tripdata/202206-citibike-tripdata/202206-citibike-tripdata_4.csv,csv,67513097,False,13,ride_id|rideable_type|started_at|ended_at|start_station_name|start_station_id|end_station_name|end_station_id|start_lat|start_lng|end_lat|end_lng|member_casual,9185961916751904723
2022-citibike-tripdata,2022-citibike-tripdata/2022-citibike-tripdata/202206-citibike-tripdata/202206-citibike-tripdata_1.csv,csv,195841298,False,13,ride_id|rideable_type|started_at|ended_at|start_station_name|start_station_id|end_station_name|end_station_id|start_lat|start_lng|end_lat|end_lng|member_casual,9185961916751904723
2022-citibike-tripdata,2022-citibike-tripdata/2022-citibike-tripdata/202206-citibike-tripdata/202206-citibike-tripdata_3.csv,csv,195836098,False,13,ride_id|rideable_type|started_at|ended_at|start_station_name|start_station_id|end_station_name|end_station_id|start_lat|start_lng|end_lat|end_lng|member_casual,9185961916751904723
2022-citibike-tripdata,2022-citibike-tripdata/2022-citibike-tripdata/202206-citibike-tripdata/202206-citibike-tripdata_2.csv,csv,195810505,False,13,ride_id|rideable_type|started_at|ended_at|start_station_name|start_station_id|end_station_name|end_station_id|start_lat|start_lng|end_lat|end_lng|member_casual,9185961916751904723
2022-citibike-tripdata,2022-citibike-tripdata/2022-citibike-tripdata/202205-citibike-tripdata/202205-citibike-tripdata_3.csv,csv,168857678,False,13,ride_id|rideable_type|started_at|ended_at|start_station_name|start_station_id|end_station_name|end_station_id|start_lat|start_lng|end_lat|end_lng|member_casual,9185961916751904723
2022-citibike-tripdata,2022-citibike-tripdata/2022-citibike-tripdata/202205-citibike-tripdata/202205-citibike-tripdata_2.csv,csv,195841534,False,13,ride_id|rideable_type|started_at|ended_at|start_station_name|start_station_id|end_station_name|end_station_id|start_lat|start_lng|end_lat|end_lng|member_casual,9185961916751904723
2022-citibike-tripdata,2022-citibike-tripdata/2022-citibike-tripdata/202205-citibike-tripdata/202205-citibike-tripdata_1.csv,csv,195910701,False,13,ride_id|rideable_type|started_at|ended_at|start_station_name|start_station_id|end_station_name|end_station_id|start_lat|start_lng|end_lat|end_lng|member_casual,9185961916751904723
2022-citibike-tripdata,2022-citibike-tripdata/2022-citibike-tripdata/202201-citibike-tripdata/202201-citibike-tripdata_2.csv,csv,4719069,False,13,ride_id|rideable_type|started_at|ended_at|start_station_name|start_station_id|end_station_name|end_station_id|start_lat|start_lng|end_lat|end_lng|member_casual,9185961916751904723
2022-citibike-tripdata,2022-citibike-tripdata/2022-citibike-tripdata/202201-citibike-tripdata/202201-citibike-tripdata_1.csv,csv,194571711,False,13,ride_id|rideable_type|started_at|ended_at|start_station_name|start_station_id|end_station_name|end_station_id|start_lat|start_lng|end_lat|end_lng|member_casual,9185961916751904723
2022-citibike-tripdata,2022-citibike-tripdata/2022-citibike-tripdata/202204-citibike-tripdata/202204-citibike-tripdata_1.csv,csv,195466527,False,13,ride_id|rideable_type|started_at|ended_at|start_station_name|start_station_id|end_station_name|end_station_id|start_lat|start_lng|end_lat|end_lng|member_casual,9185961916751904723
2022-citibike-tripdata,2022-citibike-tripdata/2022-citibike-tripdata/202204-citibike-tripdata/202204-citibike-tripdata_2.csv,csv,195548723,False,13,ride_id|rideable_type|started_at|ended_at|start_station_name|start_station_id|end_station_name|end_station_id|start_lat|start_lng|end_lat|end_lng|member_casual,9185961916751904723
2022-citibike-tripdata,2022-citibike-tripdata/2022-citibike-tripdata/202204-citibike-tripdata/202204-citibike-tripdata_3.csv,csv,51068235,False,13,ride_id|rideable_type|started_at|ended_at|start_station_name|start_station_id|end_station_name|end_station_id|start_lat|start_lng|end_lat|end_lng|member_casual,9185961916751904723
2023-citibike-tripdata,2023-citibike-tripdata/2023-citibike-tripdata/202311-citibike-tripdata/202311-citibike-tripdata_1.csv,csv,195573204,False,13,ride_id|rideable_type|started_at|ended_at|start_station_name|start_station_id|end_station_name|end_station_id|start_lat|start_lng|end_lat|end_lng|member_casual,9185961916751904723
2023-citibike-tripdata,2023-citibike-tripdata/2023-citibike-tripdata/202311-citibike-tripdata/202311-citibike-tripdata_2.csv,csv,195810919,False,13,ride_id|rideable_type|started_at|ended_at|start_station_name|start_station_id|end_station_name|end_station_id|start_lat|start_lng|end_lat|end_lng|member_casual,9185961916751904723
2023-citibike-tripdata,2023-citibike-tripdata/2023-citibike-tripdata/202311-citibike-tripdata/202311-citibike-tripdata_3.csv,csv,159693761,False,13,ride_id|rideable_type|started_at|ended_at|start_station_name|start_station_id|end_station_name|end_station_id|start_lat|start_lng|end_lat|end_lng|member_casual,9185961916751904723
2023-citibike-tripdata,2023-citibike-tripdata/2023-citibike-tripdata/202308-citibike-tripdata/202308-citibike-tripdata_4.csv,csv,189129948,False,13,ride_id|rideable_type|started_at|ended_at|start_station_name|start_station_id|end_station_name|end_station_id|start_lat|start_lng|end_lat|end_lng|member_casual,9185961916751904723
2023-citibike-tripdata,2023-citibike-tripdata/2023-citibike-tripdata/202308-citibike-tripdata/202308-citibike-tripdata_1.csv,csv,195548228,False,13,ride_id|rideable_type|started_at|ended_at|start_station_name|start_station_id|end_station_name|end_station_id|start_lat|start_lng|end_lat|end_lng|member_casual,9185961916751904723
2023-citibike-tripdata,2023-citibike-tripdata/2023-citibike-tripdata/202308-citibike-tripdata/202308-citibike-tripdata_2.csv,csv,195915111,False,13,ride_id|rideable_type|started_at|ended_at|start_station_name|start_station_id|end_station_name|end_station_id|start_lat|start_lng|end_lat|end_lng|member_casual,9185961916751904723
2023-citibike-tripdata,2023-citibike-tripdata/2023-citibike-tripdata/202308-citibike-tripdata/202308-citibike-tripdata_3.csv,csv,195755881,False,13,ride_id|rideable_type|started_at|ended_at|start_station_name|start_station_id|end_station_name|end_station_id|start_lat|start_lng|end_lat|end_lng|member_casual,9185961916751904723
2023-citibike-tripdata,2023-citibike-tripdata/2023-citibike-tripdata/202310-citibike-tripdata/202310-citibike-tripdata_3.csv,csv,195228529,False,13,ride_id|rideable_type|started_at|ended_at|start_station_name|start_station_id|end_station_name|end_station_id|start_lat|start_lng|end_lat|end_lng|member_casual,9185961916751904723
2023-citibike-tripdata,2023-citibike-tripdata/2023-citibike-tripdata/202310-citibike-tripdata/202310-citibike-tripdata_2.csv,csv,196407392,False,13,ride_id|rideable_type|started_at|ended_at|start_station_name|start_station_id|end_station_name|end_station_id|start_lat|start_lng|end_lat|end_lng|member_casual,9185961916751904723
2023-citibike-tripdata,2023-citibike-tripdata/2023-citibike-tripdata/202310-citibike-tripdata/202310-citibike-tripdata_1.csv,csv,195466420,False,13,ride_id|rideable_type|started_at|ended_at|start_station_name|start_station_id|end_station_name|end_station_id|start_lat|start_lng|end_lat|end_lng|member_casual,9185961916751904723
2023-citibike-tripdata,2023-citibike-tripdata/2023-citibike-tripdata/202310-citibike-tripdata/202310-citibike-tripdata_4.csv,csv,142312108,False,13,ride_id|rideable_type|started_at|ended_at|start_station_name|start_station_id|end_station_name|end_station_id|start_lat|start_lng|end_lat|end_lng|member_casual,9185961916751904723
2023-citibike-tripdata,2023-citibike-tripdata/2023-citibike-tripdata/202309-citibike-tripdata/202309-citibike-tripdata_3.csv,csv,195572267,False,13,ride_id|rideable_type|started_at|ended_at|start_station_name|start_station_id|end_station_name|end_station_id|start_lat|start_lng|end_lat|end_lng|member_casual,9185961916751904723
2023-citibike-tripdata,2023-citibike-tripdata/2023-citibike-tripdata/202309-citibike-tripdata/202309-citibike-tripdata_2.csv,csv,196001255,False,13,ride_id|rideable_type|started_at|ended_at|start_station_name|start_station_id|end_station_name|end_station_id|start_lat|start_lng|end_lat|end_lng|member_casual,9185961916751904723
2023-citibike-tripdata,2023-citibike-tripdata/2023-citibike-tripdata/202309-citibike-tripdata/202309-citibike-tripdata_1.csv,csv,195865808,False,13,ride_id|rideable_type|started_at|ended_at|start_station_name|start_station_id|end_station_name|end_station_id|start_lat|start_lng|end_lat|end_lng|member_casual,9185961916751904723
2023-citibike-tripdata,2023-citibike-tripdata/2023-citibike-tripdata/202309-citibike-tripdata/202309-citibike-tripdata_4.csv,csv,92375815,False,13,ride_id|rideable_type|started_at|ended_at|start_station_name|start_station_id|end_station_name|end_station_id|start_lat|start_lng|end_lat|end_lng|member_casual,9185961916751904723
2023-citibike-tripdata,2023-citibike-tripdata/2023-citibike-tripdata/202312-citibike-tripdata/202312-citibike-tripdata_2.csv,csv,195232942,False,13,ride_id|rideable_type|started_at|ended_at|start_station_name|start_station_id|end_station_name|end_station_id|start_lat|start_lng|end_lat|end_lng|member_casual,9185961916751904723
2023-citibike-tripdata,2023-citibike-tripdata/2023-citibike-tripdata/202312-citibike-tripdata/202312-citibike-tripdata_3.csv,csv,40226501,False,13,ride_id|rideable_type|started_at|ended_at|start_station_name|start_station_id|end_station_name|end_station_id|start_lat|start_lng|end_lat|end_lng|member_casual,9185961916751904723
2023-citibike-tripdata,2023-citibike-tripdata/2023-citibike-tripdata/202312-citibike-tripdata/202312-citibike-tripdata_1.csv,csv,195694355,False,13,ride_id|rideable_type|started_at|ended_at|start_station_name|start_station_id|end_station_name|end_station_id|start_lat|start_lng|end_lat|end_lng|member_casual,9185961916751904723
2023-citibike-tripdata,2023-citibike-tripdata/2023-citibike-tripdata/202302-citibike-tripdata/202302-citibike-tripdata_2.csv,csv,136165036,False,13,ride_id|rideable_type|started_at|ended_at|start_station_name|start_station_id|end_station_name|end_station_id|start_lat|start_lng|end_lat|end_lng|member_casual,9185961916751904723
2023-citibike-tripdata,2023-citibike-tripdata/2023-citibike-tripdata/202302-citibike-tripdata/202302-citibike-tripdata_1.csv,csv,195500327,False,13,ride_id|rideable_type|started_at|ended_at|start_station_name|start_station_id|end_station_name|end_station_id|start_lat|start_lng|end_lat|end_lng|member_casual,9185961916751904723
2023-citibike-tripdata,2023-citibike-tripdata/2023-citibike-tripdata/202307-citibike-tripdata/202307-citibike-tripdata_4.csv,csv,129539807,False,13,ride_id|rideable_type|started_at|ended_at|start_station_name|start_station_id|end_station_name|end_station_id|start_lat|start_lng|end_lat|end_lng|member_casual,9185961916751904723
2023-citibike-tripdata,2023-citibike-tripdata/2023-citibike-tripdata/202307-citibike-tripdata/202307-citibike-tripdata_1.csv,csv,195875627,False,13,ride_id|rideable_type|started_at|ended_at|start_station_name|start_station_id|end_station_name|end_station_id|start_lat|start_lng|end_lat|end_lng|member_casual,9185961916751904723
2023-citibike-tripdata,2023-citibike-tripdata/2023-citibike-tripdata/202307-citibike-tripdata/202307-citibike-tripdata_3.csv,csv,195613520,False,13,ride_id|rideable_type|started_at|ended_at|start_station_name|start_station_id|end_station_name|end_station_id|start_lat|start_lng|end_lat|end_lng|member_casual,9185961916751904723
2023-citibike-tripdata,2023-citibike-tripdata/2023-citibike-tripdata/202307-citibike-tripdata/202307-citibike-tripdata_2.csv,csv,195801492,False,13,ride_id|rideable_type|started_at|ended_at|start_station_name|start_station_id|end_station_name|end_station_id|start_lat|start_lng|end_lat|end_lng|member_casual,9185961916751904723
2023-citibike-tripdata,2023-citibike-tripdata/2023-citibike-tripdata/202303-citibike-tripdata/202303-citibike-tripdata_1.csv,csv,195519558,False,13,ride_id|rideable_type|started_at|ended_at|start_station_name|start_station_id|end_station_name|end_station_id|start_lat|start_lng|end_lat|end_lng|member_casual,9185961916751904723
2023-citibike-tripdata,2023-citibike-tripdata/2023-citibike-tripdata/202303-citibike-tripdata/202303-citibike-tripdata_2.csv,csv,195506286,False,13,ride_id|rideable_type|started_at|ended_at|start_station_name|start_station_id|end_station_name|end_station_id|start_lat|start_lng|end_lat|end_lng|member_casual,9185961916751904723
2023-citibike-tripdata,2023-citibike-tripdata/2023-citibike-tripdata/202303-citibike-tripdata/202303-citibike-tripdata_3.csv,csv,23264426,False,13,ride_id|rideable_type|started_at|ended_at|start_station_name|start_station_id|end_station_name|end_station_id|start_lat|start_lng|end_lat|end_lng|member_casual,9185961916751904723
2023-citibike-tripdata,2023-citibike-tripdata/2023-citibike-tripdata/202306-citibike-tripdata/202306-citibike-tripdata_2.csv,csv,195577168,False,13,ride_id|rideable_type|started_at|ended_at|start_station_name|start_station_id|end_station_name|end_station_id|start_lat|start_lng|end_lat|end_lng|member_casual,9185961916751904723
2023-citibike-tripdata,2023-citibike-tripdata/2023-citibike-tripdata/202306-citibike-tripdata/202306-citibike-tripdata_3.csv,csv,195991405,False,13,ride_id|rideable_type|started_at|ended_at|start_station_name|start_station_id|end_station_name|end_station_id|start_lat|start_lng|end_lat|end_lng|member_casual,9185961916751904723
2023-citibike-tripdata,2023-citibike-tripdata/2023-citibike-tripdata/202306-citibike-tripdata/202306-citibike-tripdata_1.csv,csv,195859996,False,13,ride_id|rideable_type|started_at|ended_at|start_station_name|start_station_id|end_station_name|end_station_id|start_lat|start_lng|end_lat|end_lng|member_casual,9185961916751904723
2023-citibike-tripdata,2023-citibike-tripdata/2023-citibike-tripdata/202306-citibike-tripdata/202306-citibike-tripdata_4.csv,csv,88173150,False,13,ride_id|rideable_type|started_at|ended_at|start_station_name|start_station_id|end_station_name|end_station_id|start_lat|start_lng|end_lat|end_lng|member_casual,9185961916751904723
2023-citibike-tripdata,2023-citibike-tripdata/2023-citibike-tripdata/202305-citibike-tripdata/202305-citibike-tripdata_4.csv,csv,88949434,False,13,ride_id|rideable_type|started_at|ended_at|start_station_name|start_station_id|end_station_name|end_station_id|start_lat|start_lng|end_lat|end_lng|member_casual,9185961916751904723
2023-citibike-tripdata,2023-citibike-tripdata/2023-citibike-tripdata/202305-citibike-tripdata/202305-citibike-tripdata_1.csv,csv,195530590,False,13,ride_id|rideable_type|started_at|ended_at|start_station_name|start_station_id|end_station_name|end_station_id|start_lat|start_lng|end_lat|end_lng|member_casual,9185961916751904723
2023-citibike-tripdata,2023-citibike-tripdata/2023-citibike-tripdata/202305-citibike-tripdata/202305-citibike-tripdata_2.csv,csv,195590194,False,13,ride_id|rideable_type|started_at|ended_at|start_station_name|start_station_id|end_station_name|end_station_id|start_lat|start_lng|end_lat|end_lng|member_casual,9185961916751904723
2023-citibike-tripdata,2023-citibike-tripdata/2023-citibike-tripdata/202305-citibike-tripdata/202305-citibike-tripdata_3.csv,csv,195612295,False,13,ride_id|rideable_type|started_at|ended_at|start_station_name|start_station_id|end_station_name|end_station_id|start_lat|start_lng|end_lat|end_lng|member_casual,9185961916751904723
2023-citibike-tripdata,2023-citibike-tripdata/2023-citibike-tripdata/202301-citibike-tripdata/202301-citibike-tripdata_1.csv,csv,195546500,False,13,ride_id|rideable_type|started_at|ended_at|start_station_name|start_station_id|end_station_name|end_station_id|start_lat|start_lng|end_lat|end_lng|member_casual,9185961916751904723
2023-citibike-tripdata,2023-citibike-tripdata/2023-citibike-tripdata/202301-citibike-tripdata/202301-citibike-tripdata_2.csv,csv,155603759,False,13,ride_id|rideable_type|started_at|ended_at|start_station_name|start_station_id|end_station_name|end_station_id|start_lat|start_lng|end_lat|end_lng|member_casual,9185961916751904723
2023-citibike-tripdata,2023-citibike-tripdata/2023-citibike-tripdata/202304-citibike-tripdata/202304-citibike-tripdata_3.csv,csv,146959262,False,13,ride_id|rideable_type|started_at|ended_at|start_station_name|start_station_id|end_station_name|end_station_id|start_lat|start_lng|end_lat|end_lng|member_casual,9185961916751904723
2023-citibike-tripdata,2023-citibike-tripdata/2023-citibike-tripdata/202304-citibike-tripdata/202304-citibike-tripdata_2.csv,csv,195699033,False,13,ride_id|rideable_type|started_at|ended_at|start_station_name|start_station_id|end_station_name|end_station_id|start_lat|start_lng|end_lat|end_lng|member_casual,9185961916751904723
2023-citibike-tripdata,2023-citibike-tripdata/2023-citibike-tripdata/202304-citibike-tripdata/202304-citibike-tripdata_1.csv,csv,195458863,False,13,ride_id|rideable_type|started_at|ended_at|start_station_name|start_station_id|end_station_name|end_station_id|start_lat|start_lng|end_lat|end_lng|member_casual,9185961916751904723
202401-citibike-tripdata,202401-citibike-tripdata/202401-citibike-tripdata_2.csv,csv,173662194,False,13,ride_id|rideable_type|started_at|ended_at|start_station_name|start_station_id|end_station_name|end_station_id|start_lat|start_lng|end_lat|end_lng|member_casual,9185961916751904723
202401-citibike-tripdata,202401-citibike-tripdata/202401-citibike-tripdata_1.csv,csv,195372814,False,13,ride_id|rideable_type|started_at|ended_at|start_station_name|start_station_id|end_station_name|end_station_id|start_lat|start_lng|end_lat|end_lng|member_casual,9185961916751904723
202402-citibike-tripdata,202402-citibike-tripdata/202402-citibike-tripdata_1.csv,csv,195625178,False,13,ride_id|rideable_type|started_at|ended_at|start_station_name|start_station_id|end_station_name|end_station_id|start_lat|start_lng|end_lat|end_lng|member_casual,9185961916751904723
202402-citibike-tripdata,202402-citibike-tripdata/202402-citibike-tripdata_2.csv,csv,195431964,False,13,ride_id|rideable_type|started_at|ended_at|start_station_name|start_station_id|end_station_name|end_station_id|start_lat|start_lng|end_lat|end_lng|member_casual,9185961916751904723
202402-citibike-tripdata,202402-citibike-tripdata/202402-citibike-tripdata_3.csv,csv,23654777,False,13,ride_id|rideable_type|started_at|ended_at|start_station_name|start_station_id|end_station_name|end_station_id|start_lat|start_lng|end_lat|end_lng|member_casual,9185961916751904723
202403-citibike-tripdata,202403-citibike-tripdata/202403-citibike-tripdata_3.csv,csv,129841340,False,13,ride_id|rideable_type|started_at|ended_at|start_station_name|start_station_id|end_station_name|end_station_id|start_lat|start_lng|end_lat|end_lng|member_casual,9185961916751904723
202403-citibike-tripdata,202403-citibike-tripdata/202403-citibike-tripdata_2.csv,csv,195542945,False,13,ride_id|rideable_type|started_at|ended_at|start_station_name|start_station_id|end_station_name|end_station_id|start_lat|start_lng|end_lat|end_lng|member_casual,9185961916751904723
202403-citibike-tripdata,202403-citibike-tripdata/202403-citibike-tripdata_1.csv,csv,195361411,False,13,ride_id|rideable_type|started_at|ended_at|start_station_name|start_station_id|end_station_name|end_station_id|start_lat|start_lng|end_lat|end_lng|member_casual,9185961916751904723
202404-citibike-tripdata,202404-citibike-tripdata/202404-citibike-tripdata_4.csv,csv,42462406,False,13,ride_id|rideable_type|started_at|ended_at|start_station_name|start_station_id|end_station_name|end_station_id|start_lat|start_lng|end_lat|end_lng|member_casual,9185961916751904723
202404-citibike-tripdata,202404-citibike-tripdata/202404-citibike-tripdata_1.csv,csv,195586925,False,13,ride_id|rideable_type|started_at|ended_at|start_station_name|start_station_id|end_station_name|end_station_id|start_lat|start_lng|end_lat|end_lng|member_casual,9185961916751904723
202404-citibike-tripdata,202404-citibike-tripdata/202404-citibike-tripdata_2.csv,csv,195446641,False,13,ride_id|rideable_type|started_at|ended_at|start_station_name|start_station_id|end_station_name|end_station_id|start_lat|start_lng|end_lat|end_lng|member_casual,9185961916751904723
202404-citibike-tripdata,202404-citibike-tripdata/202404-citibike-tripdata_3.csv,csv,196071259,False,13,ride_id|rideable_type|started_at|ended_at|start_station_name|start_station_id|end_station_name|end_station_id|start_lat|start_lng|end_lat|end_lng|member_casual,9185961916751904723
202405-citibike-tripdata,202405-citibike-tripdata/202405-citibike-tripdata_3.csv,csv,195776754,False,13,ride_id|rideable_type|started_at|ended_at|start_station_name|start_station_id|end_station_name|end_station_id|start_lat|start_lng|end_lat|end_lng|member_casual,9185961916751904723
202405-citibike-tripdata,202405-citibike-tripdata/202405-citibike-tripdata_2.csv,csv,195951437,False,13,ride_id|rideable_type|started_at|ended_at|start_station_name|start_station_id|end_station_name|end_station_id|start_lat|start_lng|end_lat|end_lng|member_casual,9185961916751904723
202405-citibike-tripdata,202405-citibike-tripdata/202405-citibike-tripdata_1.csv,csv,195645459,False,13,ride_id|rideable_type|started_at|ended_at|start_station_name|start_station_id|end_station_name|end_station_id|start_lat|start_lng|end_lat|end_lng|member_casual,9185961916751904723
202405-citibike-tripdata,202405-citibike-tripdata/202405-citibike-tripdata_5.csv,csv,25918315,False,13,ride_id|rideable_type|started_at|ended_at|start_station_name|start_station_id|end_station_name|end_station_id|start_lat|start_lng|end_lat|end_lng|member_casual,9185961916751904723
202405-citibike-tripdata,202405-citibike-tripdata/202405-citibike-tripdata_4.csv,csv,195804862,False,13,ride_id|rideable_type|started_at|ended_at|start_station_name|start_station_id|end_station_name|end_station_id|start_lat|start_lng|end_lat|end_lng|member_casual,9185961916751904723
202406-citibike-tripdata,202406-citibike-tripdata/202406-citibike-tripdata_5.csv,csv,153573696,False,13,ride_id|rideable_type|started_at|ended_at|start_station_name|start_station_id|end_station_name|end_station_id|start_lat|start_lng|end_lat|end_lng|member_casual,9185961916751904723
202406-citibike-tripdata,202406-citibike-tripdata/202406-citibike-tripdata_4.csv,csv,195796832,False,13,ride_id|rideable_type|started_at|ended_at|start_station_name|start_station_id|end_station_name|end_station_id|start_lat|start_lng|end_lat|end_lng|member_casual,9185961916751904723
202406-citibike-tripdata,202406-citibike-tripdata/202406-citibike-tripdata_1.csv,csv,195851921,False,13,ride_id|rideable_type|started_at|ended_at|start_station_name|start_station_id|end_station_name|end_station_id|start_lat|start_lng|end_lat|end_lng|member_casual,9185961916751904723
202406-citibike-tripdata,202406-citibike-tripdata/202406-citibike-tripdata_3.csv,csv,195503715,False,13,ride_id|rideable_type|started_at|ended_at|start_station_name|start_station_id|end_station_name|end_station_id|start_lat|start_lng|end_lat|end_lng|member_casual,9185961916751904723
202406-citibike-tripdata,202406-citibike-tripdata/202406-citibike-tripdata_2.csv,csv,195319463,False,13,ride_id|rideable_type|started_at|ended_at|start_station_name|start_station_id|end_station_name|end_station_id|start_lat|start_lng|end_lat|end_lng|member_casual,9185961916751904723
202407-citibike-tripdata,202407-citibike-tripdata/202407-citibike-tripdata_2.csv,csv,195310134,False,13,ride_id|rideable_type|started_at|ended_at|start_station_name|start_station_id|end_station_name|end_station_id|start_lat|start_lng|end_lat|end_lng|member_casual,9185961916751904723
202407-citibike-tripdata,202407-citibike-tripdata/202407-citibike-tripdata_3.csv,csv,196286320,False,13,ride_id|rideable_type|started_at|ended_at|start_station_name|start_station_id|end_station_name|end_station_id|start_lat|start_lng|end_lat|end_lng|member_casual,9185961916751904723
202407-citibike-tripdata,202407-citibike-tripdata/202407-citibike-tripdata_1.csv,csv,195621496,False,13,ride_id|rideable_type|started_at|ended_at|start_station_name|start_station_id|end_station_name|end_station_id|start_lat|start_lng|end_lat|end_lng|member_casual,9185961916751904723
202407-citibike-tripdata,202407-citibike-tripdata/202407-citibike-tripdata_4.csv,csv,195297424,False,13,ride_id|rideable_type|started_at|ended_at|start_station_name|start_station_id|end_station_name|end_station_id|start_lat|start_lng|end_lat|end_lng|member_casual,9185961916751904723
202407-citibike-tripdata,202407-citibike-tripdata/202407-citibike-tripdata_5.csv,csv,140808388,False,13,ride_id|rideable_type|started_at|ended_at|start_station_name|start_station_id|end_station_name|end_station_id|start_lat|start_lng|end_lat|end_lng|member_casual,9185961916751904723
202408-citibike-tripdata,202408-citibike-tripdata/202408-citibike-tripdata_3.csv,csv,195504717,False,13,ride_id|rideable_type|started_at|ended_at|start_station_name|start_station_id|end_station_name|end_station_id|start_lat|start_lng|end_lat|end_lng|member_casual,9185961916751904723
202408-citibike-tripdata,202408-citibike-tripdata/202408-citibike-tripdata_2.csv,csv,195229575,False,13,ride_id|rideable_type|started_at|ended_at|start_station_name|start_station_id|end_station_name|end_station_id|start_lat|start_lng|end_lat|end_lng|member_casual,9185961916751904723
202408-citibike-tripdata,202408-citibike-tripdata/202408-citibike-tripdata_1.csv,csv,195619626,False,13,ride_id|rideable_type|started_at|ended_at|start_station_name|start_station_id|end_station_name|end_station_id|start_lat|start_lng|end_lat|end_lng|member_casual,9185961916751904723
202408-citibike-tripdata,202408-citibike-tripdata/202408-citibike-tripdata_5.csv,csv,117895432,False,13,ride_id|rideable_type|started_at|ended_at|start_station_name|start_station_id|end_station_name|end_station_id|start_lat|start_lng|end_lat|end_lng|member_casual,9185961916751904723
202408-citibike-tripdata,202408-citibike-tripdata/202408-citibike-tripdata_4.csv,csv,195792634,False,13,ride_id|rideable_type|started_at|ended_at|start_station_name|start_station_id|end_station_name|end_station_id|start_lat|start_lng|end_lat|end_lng|member_casual,9185961916751904723
202409-citibike-tripdata,202409-citibike-tripdata/202409-citibike-tripdata_4.csv,csv,195482499,False,13,ride_id|rideable_type|started_at|ended_at|start_station_name|start_station_id|end_station_name|end_station_id|start_lat|start_lng|end_lat|end_lng|member_casual,9185961916751904723
202409-citibike-tripdata,202409-citibike-tripdata/202409-citibike-tripdata_5.csv,csv,194390452,False,13,ride_id|rideable_type|started_at|ended_at|start_station_name|start_station_id|end_station_name|end_station_id|start_lat|start_lng|end_lat|end_lng|member_casual,9185961916751904723
202409-citibike-tripdata,202409-citibike-tripdata/202409-citibike-tripdata_1.csv,csv,195190131,False,13,ride_id|rideable_type|started_at|ended_at|start_station_name|start_station_id|end_station_name|end_station_id|start_lat|start_lng|end_lat|end_lng|member_casual,9185961916751904723
202409-citibike-tripdata,202409-citibike-tripdata/202409-citibike-tripdata_2.csv,csv,195780759,False,13,ride_id|rideable_type|started_at|ended_at|start_station_name|start_station_id|end_station_name|end_station_id|start_lat|start_lng|end_lat|end_lng|member_casual,9185961916751904723
202409-citibike-tripdata,202409-citibike-tripdata/202409-citibike-tripdata_3.csv,csv,195682575,False,13,ride_id|rideable_type|started_at|ended_at|start_station_name|start_station_id|end_station_name|end_station_id|start_lat|start_lng|end_lat|end_lng|member_casual,9185961916751904723
202410-citibike-tripdata,202410-citibike-tripdata/202410-citibike-tripdata_6.csv,csv,29302992,False,13,ride_id|rideable_type|started_at|ended_at|start_station_name|start_station_id|end_station_name|end_station_id|start_lat|start_lng|end_lat|end_lng|member_casual,9185961916751904723
202410-citibike-tripdata,202410-citibike-tripdata/202410-citibike-tripdata_4.csv,csv,195695538,False,13,ride_id|rideable_type|started_at|ended_at|start_station_name|start_station_id|end_station_name|end_station_id|start_lat|start_lng|end_lat|end_lng|member_casual,9185961916751904723
202410-citibike-tripdata,202410-citibike-tripdata/202410-citibike-tripdata_5.csv,csv,195184918,False,13,ride_id|rideable_type|started_at|ended_at|start_station_name|start_station_id|end_station_name|end_station_id|start_lat|start_lng|end_lat|end_lng|member_casual,9185961916751904723
202410-citibike-tripdata,202410-citibike-tripdata/202410-citibike-tripdata_1.csv,csv,195490020,False,13,ride_id|rideable_type|started_at|ended_at|start_station_name|start_station_id|end_station_name|end_station_id|start_lat|start_lng|end_lat|end_lng|member_casual,9185961916751904723
202410-citibike-tripdata,202410-citibike-tripdata/202410-citibike-tripdata_2.csv,csv,195724586,False,13,ride_id|rideable_type|started_at|ended_at|start_station_name|start_station_id|end_station_name|end_station_id|start_lat|start_lng|end_lat|end_lng|member_casual,9185961916751904723
202410-citibike-tripdata,202410-citibike-tripdata/202410-citibike-tripdata_3.csv,csv,195204001,False,13,ride_id|rideable_type|started_at|ended_at|start_station_name|start_station_id|end_station_name|end_station_id|start_lat|start_lng|end_lat|end_lng|member_casual,9185961916751904723
202411-citibike-tripdata,202411-citibike-tripdata/202411-citibike-tripdata_3.csv,csv,195052931,False,13,ride_id|rideable_type|started_at|ended_at|start_station_name|start_station_id|end_station_name|end_station_id|start_lat|start_lng|end_lat|end_lng|member_casual,9185961916751904723
202411-citibike-tripdata,202411-citibike-tripdata/202411-citibike-tripdata_2.csv,csv,195153264,False,13,ride_id|rideable_type|started_at|ended_at|start_station_name|start_station_id|end_station_name|end_station_id|start_lat|start_lng|end_lat|end_lng|member_casual,9185961916751904723
202411-citibike-tripdata,202411-citibike-tripdata/202411-citibike-tripdata_1.csv,csv,195290496,False,13,ride_id|rideable_type|started_at|ended_at|start_station_name|start_station_id|end_station_name|end_station_id|start_lat|start_lng|end_lat|end_lng|member_casual,9185961916751904723
202411-citibike-tripdata,202411-citibike-tripdata/202411-citibike-tripdata_4.csv,csv,138850288,False,13,ride_id|rideable_type|started_at|ended_at|start_station_name|start_station_id|end_station_name|end_station_id|start_lat|start_lng|end_lat|end_lng|member_casual,9185961916751904723
202412-citibike-tripdata,202412-citibike-tripdata/202412-citibike-tripdata_1.csv,csv,194853553,False,13,ride_id|rideable_type|started_at|ended_at|start_station_name|start_station_id|end_station_name|end_station_id|start_lat|start_lng|end_lat|end_lng|member_casual,9185961916751904723
202412-citibike-tripdata,202412-citibike-tripdata/202412-citibike-tripdata_3.csv,csv,60842351,False,13,ride_id|rideable_type|started_at|ended_at|start_station_name|start_station_id|end_station_name|end_station_id|start_lat|start_lng|end_lat|end_lng|member_casual,9185961916751904723
202412-citibike-tripdata,202412-citibike-tripdata/202412-citibike-tripdata_2.csv,csv,195110078,False,13,ride_id|rideable_type|started_at|ended_at|start_station_name|start_station_id|end_station_name|end_station_id|start_lat|start_lng|end_lat|end_lng|member_casual,9185961916751904723
202501-citibike-tripdata,202501-citibike-tripdata/202501-citibike-tripdata_1.csv,csv,195009639,False,13,ride_id|rideable_type|started_at|ended_at|start_station_name|start_station_id|end_station_name|end_station_id|start_lat|start_lng|end_lat|end_lng|member_casual,9185961916751904723
202501-citibike-tripdata,202501-citibike-tripdata/202501-citibike-tripdata_3.csv,csv,24209588,False,13,ride_id|rideable_type|started_at|ended_at|start_station_name|start_station_id|end_station_name|end_station_id|start_lat|start_lng|end_lat|end_lng|member_casual,9185961916751904723
202501-citibike-tripdata,202501-citibike-tripdata/202501-citibike-tripdata_2.csv,csv,194993655,False,13,ride_id|rideable_type|started_at|ended_at|start_station_name|start_station_id|end_station_name|end_station_id|start_lat|start_lng|end_lat|end_lng|member_casual,9185961916751904723
202502-citibike-tripdata,202502-citibike-tripdata/202502-citibike-tripdata_3.csv,csv,6062581,False,13,ride_id|rideable_type|started_at|ended_at|start_station_name|start_station_id|end_station_name|end_station_id|start_lat|start_lng|end_lat|end_lng|member_casual,9185961916751904723
202502-citibike-tripdata,202502-citibike-tripdata/202502-citibike-tripdata_2.csv,csv,194996994,False,13,ride_id|rideable_type|started_at|ended_at|start_station_name|start_station_id|end_station_name|end_station_id|start_lat|start_lng|end_lat|end_lng|member_casual,9185961916751904723
202502-citibike-tripdata,202502-citibike-tripdata/202502-citibike-tripdata_1.csv,csv,194948428,False,13,ride_id|rideable_type|started_at|ended_at|start_station_name|start_station_id|end_station_name|end_station_id|start_lat|start_lng|end_lat|end_lng|member_casual,9185961916751904723
202503-citibike-tripdata,202503-citibike-tripdata/202503-citibike-tripdata_1.csv,csv,195172791,False,13,ride_id|rideable_type|started_at|ended_at|start_station_name|start_station_id|end_station_name|end_station_id|start_lat|start_lng|end_lat|end_lng|member_casual,9185961916751904723
202503-citibike-tripdata,202503-citibike-tripdata/202503-citibike-tripdata_2.csv,csv,195338194,False,13,ride_id|rideable_type|started_at|ended_at|start_station_name|start_station_id|end_station_name|end_station_id|start_lat|start_lng|end_lat|end_lng|member_casual,9185961916751904723
202503-citibike-tripdata,202503-citibike-tripdata/202503-citibike-tripdata_3.csv,csv,194900564,False,13,ride_id|rideable_type|started_at|ended_at|start_station_name|start_station_id|end_station_name|end_station_id|start_lat|start_lng|end_lat|end_lng|member_casual,9185961916751904723
202503-citibike-tripdata,202503-citibike-tripdata/202503-citibike-tripdata_4.csv,csv,32848161,False,13,ride_id|rideable_type|started_at|ended_at|start_station_name|start_station_id|end_station_name|end_station_id|start_lat|start_lng|end_lat|end_lng|member_casual,9185961916751904723
202504-citibike-tripdata,202504-citibike-tripdata/202504-citibike-tripdata_3.csv,csv,195183204,False,13,ride_id|rideable_type|started_at|ended_at|start_station_name|start_station_id|end_station_name|end_station_id|start_lat|start_lng|end_lat|end_lng|member_casual,9185961916751904723
202504-citibike-tripdata,202504-citibike-tripdata/202504-citibike-tripdata_2.csv,csv,195165927,False,13,ride_id|rideable_type|started_at|ended_at|start_station_name|start_station_id|end_station_name|end_station_id|start_lat|start_lng|end_lat|end_lng|member_casual,9185961916751904723
202504-citibike-tripdata,202504-citibike-tripdata/202504-citibike-tripdata_1.csv,csv,195355405,False,13,ride_id|rideable_type|started_at|ended_at|start_station_name|start_station_id|end_station_name|end_station_id|start_lat|start_lng|end_lat|end_lng|member_casual,9185961916751904723
202504-citibike-tripdata,202504-citibike-tripdata/202504-citibike-tripdata_4.csv,csv,141543974,False,13,ride_id|rideable_type|started_at|ended_at|start_station_name|start_station_id|end_station_name|end_station_id|start_lat|start_lng|end_lat|end_lng|member_casual,9185961916751904723
202505-citibike-tripdata,202505-citibike-tripdata/202505-citibike-tripdata_4.csv,csv,195431519,False,13,ride_id|rideable_type|started_at|ended_at|start_station_name|start_station_id|end_station_name|end_station_id|start_lat|start_lng|end_lat|end_lng|member_casual,9185961916751904723
202505-citibike-tripdata,202505-citibike-tripdata/202505-citibike-tripdata_5.csv,csv,63617041,False,13,ride_id|rideable_type|started_at|ended_at|start_station_name|start_station_id|end_station_name|end_station_id|start_lat|start_lng|end_lat|end_lng|member_casual,9185961916751904723
202505-citibike-tripdata,202505-citibike-tripdata/202505-citibike-tripdata_1.csv,csv,194910355,False,13,ride_id|rideable_type|started_at|ended_at|start_station_name|start_station_id|end_station_name|end_station_id|start_lat|start_lng|end_lat|end_lng|member_casual,9185961916751904723
202505-citibike-tripdata,202505-citibike-tripdata/202505-citibike-tripdata_2.csv,csv,195701524,False,13,ride_id|rideable_type|started_at|ended_at|start_station_name|start_station_id|end_station_name|end_station_id|start_lat|start_lng|end_lat|end_lng|member_casual,9185961916751904723
202505-citibike-tripdata,202505-citibike-tripdata/202505-citibike-tripdata_3.csv,csv,194785495,False,13,ride_id|rideable_type|started_at|ended_at|start_station_name|start_station_id|end_station_name|end_station_id|start_lat|start_lng|end_lat|end_lng|member_casual,9185961916751904723
202506-citibike-tripdata,202506-citibike-tripdata/202506-citibike-tripdata_2.csv,csv,195582904,False,13,ride_id|rideable_type|started_at|ended_at|start_station_name|start_station_id|end_station_name|end_station_id|start_lat|start_lng|end_lat|end_lng|member_casual,9185961916751904723
202506-citibike-tripdata,202506-citibike-tripdata/202506-citibike-tripdata_3.csv,csv,195525210,False,13,ride_id|rideable_type|started_at|ended_at|start_station_name|start_station_id|end_station_name|end_station_id|start_lat|start_lng|end_lat|end_lng|member_casual,9185961916751904723
202506-citibike-tripdata,202506-citibike-tripdata/202506-citibike-tripdata_1.csv,csv,194684816,False,13,ride_id|rideable_type|started_at|ended_at|start_station_name|start_station_id|end_station_name|end_station_id|start_lat|start_lng|end_lat|end_lng|member_casual,9185961916751904723
202506-citibike-tripdata,202506-citibike-tripdata/202506-citibike-tripdata_4.csv,csv,195677574,False,13,ride_id|rideable_type|started_at|ended_at|start_station_name|start_station_id|end_station_name|end_station_id|start_lat|start_lng|end_lat|end_lng|member_casual,9185961916751904723
202506-citibike-tripdata,202506-citibike-tripdata/202506-citibike-tripdata_5.csv,csv,147572230,False,13,ride_id|rideable_type|started_at|ended_at|start_station_name|start_station_id|end_station_name|end_station_id|start_lat|start_lng|end_lat|end_lng|member_casual,9185961916751904723
202507-citibike-tripdata,202507-citibike-tripdata/202507-citibike-tripdata_5.csv,csv,193114516,False,13,ride_id|rideable_type|started_at|ended_at|start_station_name|start_station_id|end_station_name|end_station_id|start_lat|start_lng|end_lat|end_lng|member_casual,9185961916751904723
202507-citibike-tripdata,202507-citibike-tripdata/202507-citibike-tripdata_4.csv,csv,194923791,False,13,ride_id|rideable_type|started_at|ended_at|start_station_name|start_station_id|end_station_name|end_station_id|start_lat|start_lng|end_lat|end_lng|member_casual,9185961916751904723
202507-citibike-tripdata,202507-citibike-tripdata/202507-citibike-tripdata_1.csv,csv,194805356,False,13,ride_id|rideable_type|started_at|ended_at|start_station_name|start_station_id|end_station_name|end_station_id|start_lat|start_lng|end_lat|end_lng|member_casual,9185961916751904723
202507-citibike-tripdata,202507-citibike-tripdata/202507-citibike-tripdata_3.csv,csv,195432459,False,13,ride_id|rideable_type|started_at|ended_at|start_station_name|start_station_id|end_station_name|end_station_id|start_lat|start_lng|end_lat|end_lng|member_casual,9185961916751904723
202507-citibike-tripdata,202507-citibike-tripdata/202507-citibike-tripdata_2.csv,csv,195598814,False,13,ride_id|rideable_type|started_at|ended_at|start_station_name|start_station_id|end_station_name|end_station_id|start_lat|start_lng|end_lat|end_lng|member_casual,9185961916751904723
202508-citibike-tripdata,202508-citibike-tripdata/202508-citibike-tripdata_6.csv,csv,24042874,False,13,ride_id|rideable_type|started_at|ended_at|start_station_name|start_station_id|end_station_name|end_station_id|start_lat|start_lng|end_lat|end_lng|member_casual,9185961916751904723
202508-citibike-tripdata,202508-citibike-tripdata/202508-citibike-tripdata_4.csv,csv,195371692,False,13,ride_id|rideable_type|started_at|ended_at|start_station_name|start_station_id|end_station_name|end_station_id|start_lat|start_lng|end_lat|end_lng|member_casual,9185961916751904723
202508-citibike-tripdata,202508-citibike-tripdata/202508-citibike-tripdata_5.csv,csv,194655743,False,13,ride_id|rideable_type|started_at|ended_at|start_station_name|start_station_id|end_station_name|end_station_id|start_lat|start_lng|end_lat|end_lng|member_casual,9185961916751904723
202508-citibike-tripdata,202508-citibike-tripdata/202508-citibike-tripdata_1.csv,csv,195192199,False,13,ride_id|rideable_type|started_at|ended_at|start_station_name|start_station_id|end_station_name|end_station_id|start_lat|start_lng|end_lat|end_lng|member_casual,9185961916751904723
202508-citibike-tripdata,202508-citibike-tripdata/202508-citibike-tripdata_2.csv,csv,195757493,False,13,ride_id|rideable_type|started_at|ended_at|start_station_name|start_station_id|end_station_name|end_station_id|start_lat|start_lng|end_lat|end_lng|member_casual,9185961916751904723
202508-citibike-tripdata,202508-citibike-tripdata/202508-citibike-tripdata_3.csv,csv,195237802,False,13,ride_id|rideable_type|started_at|ended_at|start_station_name|start_station_id|end_station_name|end_station_id|start_lat|start_lng|end_lat|end_lng|member_casual,9185961916751904723
202509-citibike-tripdata,202509-citibike-tripdata/202509-citibike-tripdata_3.csv,csv,195735022,False,13,ride_id|rideable_type|started_at|ended_at|start_station_name|start_station_id|end_station_name|end_station_id|start_lat|start_lng|end_lat|end_lng|member_casual,9185961916751904723
202509-citibike-tripdata,202509-citibike-tripdata/202509-citibike-tripdata_2.csv,csv,195301083,False,13,ride_id|rideable_type|started_at|ended_at|start_station_name|start_station_id|end_station_name|end_station_id|start_lat|start_lng|end_lat|end_lng|member_casual,9185961916751904723
202509-citibike-tripdata,202509-citibike-tripdata/202509-citibike-tripdata_1.csv,csv,194907255,False,13,ride_id|rideable_type|started_at|ended_at|start_station_name|start_station_id|end_station_name|end_station_id|start_lat|start_lng|end_lat|end_lng|member_casual,9185961916751904723
202509-citibike-tripdata,202509-citibike-tripdata/202509-citibike-tripdata_5.csv,csv,195147722,False,13,ride_id|rideable_type|started_at|ended_at|start_station_name|start_station_id|end_station_name|end_station_id|start_lat|start_lng|end_lat|end_lng|member_casual,9185961916751904723
202509-citibike-tripdata,202509-citibike-tripdata/202509-citibike-tripdata_4.csv,csv,195222673,False,13,ride_id|rideable_type|started_at|ended_at|start_station_name|start_station_id|end_station_name|end_station_id|start_lat|start_lng|end_lat|end_lng|member_casual,9185961916751904723
202509-citibike-tripdata,202509-citibike-tripdata/202509-citibike-tripdata_6.csv,csv,56096775,False,13,ride_id|rideable_type|started_at|ended_at|start_station_name|start_station_id|end_station_name|end_station_id|start_lat|start_lng|end_lat|end_lng|member_casual,9185961916751904723
202510-citibike-tripdata,202510-citibike-tripdata/202510-citibike-tripdata_3.csv,csv,194478507,False,13,ride_id|rideable_type|started_at|ended_at|start_station_name|start_station_id|end_station_name|end_station_id|start_lat|start_lng|end_lat|end_lng|member_casual,9185961916751904723
202510-citibike-tripdata,202510-citibike-tripdata/202510-citibike-tripdata_2.csv,csv,194885005,False,13,ride_id|rideable_type|started_at|ended_at|start_station_name|start_station_id|end_station_name|end_station_id|start_lat|start_lng|end_lat|end_lng|member_casual,9185961916751904723
202510-citibike-tripdata,202510-citibike-tripdata/202510-citibike-tripdata_1.csv,csv,195798650,False,13,ride_id|rideable_type|started_at|ended_at|start_station_name|start_station_id|end_station_name|end_station_id|start_lat|start_lng|end_lat|end_lng|member_casual,9185961916751904723
202510-citibike-tripdata,202510-citibike-tripdata/202510-citibike-tripdata_5.csv,csv,142973841,False,13,ride_id|rideable_type|started_at|ended_at|start_station_name|start_station_id|end_station_name|end_station_id|start_lat|start_lng|end_lat|end_lng|member_casual,9185961916751904723
202510-citibike-tripdata,202510-citibike-tripdata/202510-citibike-tripdata_4.csv,csv,195978684,False,13,ride_id|rideable_type|started_at|ended_at|start_station_name|start_station_id|end_station_name|end_station_id|start_lat|start_lng|end_lat|end_lng|member_casual,9185961916751904723
202511-citibike-tripdata,202511-citibike-tripdata/202511-citibike-tripdata_4.csv,csv,81516504,False,13,ride_id|rideable_type|started_at|ended_at|start_station_name|start_station_id|end_station_name|end_station_id|start_lat|start_lng|end_lat|end_lng|member_casual,9185961916751904723
202511-citibike-tripdata,202511-citibike-tripdata/202511-citibike-tripdata_1.csv,csv,195669806,False,13,ride_id|rideable_type|started_at|ended_at|start_station_name|start_station_id|end_station_name|end_station_id|start_lat|start_lng|end_lat|end_lng|member_casual,9185961916751904723
202511-citibike-tripdata,202511-citibike-tripdata/202511-citibike-tripdata_2.csv,csv,194881617,False,13,ride_id|rideable_type|started_at|ended_at|start_station_name|start_station_id|end_station_name|end_station_id|start_lat|start_lng|end_lat|end_lng|member_casual,9185961916751904723
202511-citibike-tripdata,202511-citibike-tripdata/202511-citibike-tripdata_3.csv,csv,195045439,False,13,ride_id|rideable_type|started_at|ended_at|start_station_name|start_station_id|end_station_name|end_station_id|start_lat|start_lng|end_lat|end_lng|member_casual,9185961916751904723
202512-citibike-tripdata,202512-citibike-tripdata/202512-citibike-tripdata_2.csv,csv,195026164,False,13,ride_id|rideable_type|started_at|ended_at|start_station_name|start_station_id|end_station_name|end_station_id|start_lat|start_lng|end_lat|end_lng|member_casual,9185961916751904723
202512-citibike-tripdata,202512-citibike-tripdata/202512-citibike-tripdata_3.csv,csv,17847285,False,13,ride_id|rideable_type|started_at|ended_at|start_station_name|start_station_id|end_station_name|end_station_id|start_lat|start_lng|end_lat|end_lng|member_casual,9185961916751904723
202512-citibike-tripdata,202512-citibike-tripdata/202512-citibike-tripdata_1.csv,csv,194916912,False,13,ride_id|rideable_type|started_at|ended_at|start_station_name|start_station_id|end_station_name|end_station_id|start_lat|start_lng|end_lat|end_lng|member_casual,9185961916751904723
202601-citibike-tripdata,202601-citibike-tripdata/202601-citibike-tripdata_2.csv,csv,158985144,False,13,ride_id|rideable_type|started_at|ended_at|start_station_name|start_station_id|end_station_name|end_station_id|start_lat|start_lng|end_lat|end_lng|member_casual,9185961916751904723
202601-citibike-tripdata,202601-citibike-tripdata/202601-citibike-tripdata_1.csv,csv,194843701,False,13,ride_id|rideable_type|started_at|ended_at|start_station_name|start_station_id|end_station_name|end_station_id|start_lat|start_lng|end_lat|end_lng|member_casual,9185961916751904723
202602-citibike-tripdata,202602-citibike-tripdata/202602-citibike-tripdata_1.csv,csv,194851286,False,13,ride_id|rideable_type|started_at|ended_at|start_station_name|start_station_id|end_station_name|end_station_id|start_lat|start_lng|end_lat|end_lng|member_casual,9185961916751904723
202602-citibike-tripdata,202602-citibike-tripdata/202602-citibike-tripdata_2.csv,csv,42788284,False,13,ride_id|rideable_type|started_at|ended_at|start_station_name|start_station_id|end_station_name|end_station_id|start_lat|start_lng|end_lat|end_lng|member_casual,9185961916751904723
202603-citibike-tripdata,202603-citibike-tripdata/202603-citibike-tripdata_3.csv,csv,184823125,False,13,ride_id|rideable_type|started_at|ended_at|start_station_name|start_station_id|end_station_name|end_station_id|start_lat|start_lng|end_lat|end_lng|member_casual,9185961916751904723
202603-citibike-tripdata,202603-citibike-tripdata/202603-citibike-tripdata_2.csv,csv,194737028,False,13,ride_id|rideable_type|started_at|ended_at|start_station_name|start_station_id|end_station_name|end_station_id|start_lat|start_lng|end_lat|end_lng|member_casual,9185961916751904723
202603-citibike-tripdata,202603-citibike-tripdata/202603-citibike-tripdata_1.csv,csv,195280721,False,13,ride_id|rideable_type|started_at|ended_at|start_station_name|start_station_id|end_station_name|end_station_id|start_lat|start_lng|end_lat|end_lng|member_casual,9185961916751904723
202604-citibike-tripdata,202604-citibike-tripdata/202604-citibike-tripdata-part1.csv,csv,188712300,False,13,ride_id|rideable_type|started_at|ended_at|start_station_name|start_station_id|end_station_name|end_station_id|start_lat|start_lng|end_lat|end_lng|member_casual,9185961916751904723
202604-citibike-tripdata,202604-citibike-tripdata/202604-citibike-tripdata-part2.csv,csv,188279572,False,13,ride_id|rideable_type|started_at|ended_at|start_station_name|start_station_id|end_station_name|end_station_id|start_lat|start_lng|end_lat|end_lng|member_casual,9185961916751904723
202604-citibike-tripdata,202604-citibike-tripdata/202604-citibike-tripdata-part3.csv,csv,187986980,False,13,ride_id|rideable_type|started_at|ended_at|start_station_name|start_station_id|end_station_name|end_station_id|start_lat|start_lng|end_lat|end_lng|member_casual,9185961916751904723
202604-citibike-tripdata,202604-citibike-tripdata/202604-citibike-tripdata-part4.csv,csv,188564748,False,13,ride_id|rideable_type|started_at|ended_at|start_station_name|start_station_id|end_station_name|end_station_id|start_lat|start_lng|end_lat|end_lng|member_casual,9185961916751904723
JC-201509-citibike-tripdata.csv,JC-201509-citibike-tripdata.csv/JC-201509-citibike-tripdata.csv,csv,1063347,False,15,Trip Duration|Start Time|Stop Time|Start Station ID|Start Station Name|Start Station Latitude|Start Station Longitude|End Station ID|End Station Name|End Station Latitude|End Station Longitude|Bike ID|User Type|Birth Year|Gender,2038724694539469255
JC-201510-citibike-tripdata.csv,JC-201510-citibike-tripdata.csv/JC-201510-citibike-tripdata.csv,csv,3091167,False,15,Trip Duration|Start Time|Stop Time|Start Station ID|Start Station Name|Start Station Latitude|Start Station Longitude|End Station ID|End Station Name|End Station Latitude|End Station Longitude|Bike ID|User Type|Birth Year|Gender,2038724694539469255
JC-201511-citibike-tripdata.csv,JC-201511-citibike-tripdata.csv/JC-201511-citibike-tripdata.csv,csv,2434052,False,15,Trip Duration|Start Time|Stop Time|Start Station ID|Start Station Name|Start Station Latitude|Start Station Longitude|End Station ID|End Station Name|End Station Latitude|End Station Longitude|Bike ID|User Type|Birth Year|Gender,2038724694539469255
JC-201512-citibike-tripdata.csv,JC-201512-citibike-tripdata.csv/JC-201512-citibike-tripdata.csv,csv,1910256,False,15,Trip Duration|Start Time|Stop Time|Start Station ID|Start Station Name|Start Station Latitude|Start Station Longitude|End Station ID|End Station Name|End Station Latitude|End Station Longitude|Bike ID|User Type|Birth Year|Gender,2038724694539469255
JC-201601-citibike-tripdata.csv,JC-201601-citibike-tripdata.csv/JC-20161-citibike-tripdata.csv,csv,1210075,False,15,Trip Duration|Start Time|Stop Time|Start Station ID|Start Station Name|Start Station Latitude|Start Station Longitude|End Station ID|End Station Name|End Station Latitude|End Station Longitude|Bike ID|User Type|Birth Year|Gender,2038724694539469255
JC-201602-citibike-tripdata.csv,JC-201602-citibike-tripdata.csv/JC-20162-citibike-tripdata.csv,csv,1337959,False,15,Trip Duration|Start Time|Stop Time|Start Station ID|Start Station Name|Start Station Latitude|Start Station Longitude|End Station ID|End Station Name|End Station Latitude|End Station Longitude|Bike ID|User Type|Birth Year|Gender,2038724694539469255
JC-201603-citibike-tripdata.csv,JC-201603-citibike-tripdata.csv/JC-20163-citibike-tripdata.csv,csv,2184626,False,15,Trip Duration|Start Time|Stop Time|Start Station ID|Start Station Name|Start Station Latitude|Start Station Longitude|End Station ID|End Station Name|End Station Latitude|End Station Longitude|Bike ID|User Type|Birth Year|Gender,2038724694539469255
JC-201604-citibike-tripdata.csv,JC-201604-citibike-tripdata.csv/JC-201604-citibike-tripdata.csv,csv,2633246,False,15,Trip Duration|Start Time|Stop Time|Start Station ID|Start Station Name|Start Station Latitude|Start Station Longitude|End Station ID|End Station Name|End Station Latitude|End Station Longitude|Bike ID|User Type|Birth Year|Gender,2038724694539469255
JC-201605-citibike-tripdata.csv,JC-201605-citibike-tripdata.csv/JC-201605-citibike-tripdata.csv,csv,3143120,False,15,Trip Duration|Start Time|Stop Time|Start Station ID|Start Station Name|Start Station Latitude|Start Station Longitude|End Station ID|End Station Name|End Station Latitude|End Station Longitude|Bike ID|User Type|Birth Year|Gender,2038724694539469255
JC-201606-citibike-tripdata.csv,JC-201606-citibike-tripdata.csv/JC-201606-citibike-tripdata.csv,csv,3852948,False,15,Trip Duration|Start Time|Stop Time|Start Station ID|Start Station Name|Start Station Latitude|Start Station Longitude|End Station ID|End Station Name|End Station Latitude|End Station Longitude|Bike ID|User Type|Birth Year|Gender,2038724694539469255
JC-201607-citibike-tripdata.csv,JC-201607-citibike-tripdata.csv/JC-201607-citibike-tripdata.csv,csv,3945894,False,15,Trip Duration|Start Time|Stop Time|Start Station ID|Start Station Name|Start Station Latitude|Start Station Longitude|End Station ID|End Station Name|End Station Latitude|End Station Longitude|Bike ID|User Type|Birth Year|Gender,2038724694539469255
JC-201608-citibike-tripdata.csv,JC-201608-citibike-tripdata.csv/JC-201608-citibike-tripdata.csv,csv,5636581,False,15,Trip Duration|Start Time|Stop Time|Start Station ID|Start Station Name|Start Station Latitude|Start Station Longitude|End Station ID|End Station Name|End Station Latitude|End Station Longitude|Bike ID|User Type|Birth Year|Gender,2038724694539469255
JC-201609-citibike-tripdata.csv,JC-201609-citibike-tripdata.csv/JC-201609-citibike-tripdata.csv,csv,5546876,False,15,Trip Duration|Start Time|Stop Time|Start Station ID|Start Station Name|Start Station Latitude|Start Station Longitude|End Station ID|End Station Name|End Station Latitude|End Station Longitude|Bike ID|User Type|Birth Year|Gender,2038724694539469255
JC-201610-citibike-tripdata.csv,JC-201610-citibike-tripdata.csv/JC-201610-citibike-tripdata.csv,csv,4926901,False,15,Trip Duration|Start Time|Stop Time|Start Station ID|Start Station Name|Start Station Latitude|Start Station Longitude|End Station ID|End Station Name|End Station Latitude|End Station Longitude|Bike ID|User Type|Birth Year|Gender,2038724694539469255
JC-201611-citibike-tripdata.csv,JC-201611-citibike-tripdata.csv/JC-201611-citibike-tripdata.csv,csv,3648171,False,15,Trip Duration|Start Time|Stop Time|Start Station ID|Start Station Name|Start Station Latitude|Start Station Longitude|End Station ID|End Station Name|End Station Latitude|End Station Longitude|Bike ID|User Type|Birth Year|Gender,2038724694539469255
JC-201612-citibike-tripdata.csv,JC-201612-citibike-tripdata.csv/JC-201612-citibike-tripdata.csv,csv,2535850,False,15,Trip Duration|Start Time|Stop Time|Start Station ID|Start Station Name|Start Station Latitude|Start Station Longitude|End Station ID|End Station Name|End Station Latitude|End Station Longitude|Bike ID|User Type|Birth Year|Gender,2038724694539469255
JC-201701-citibike-tripdata.csv,JC-201701-citibike-tripdata.csv/JC-201701-citibike-tripdata.csv,csv,2164466,False,15,Trip Duration|Start Time|Stop Time|Start Station ID|Start Station Name|Start Station Latitude|Start Station Longitude|End Station ID|End Station Name|End Station Latitude|End Station Longitude|Bike ID|User Type|Birth Year|Gender,2038724694539469255
JC-201702-citibike-tripdata.csv,JC-201702-citibike-tripdata.csv/JC-201702-citibike-tripdata.csv,csv,2340187,False,15,Trip Duration|Start Time|Stop Time|Start Station ID|Start Station Name|Start Station Latitude|Start Station Longitude|End Station ID|End Station Name|End Station Latitude|End Station Longitude|Bike ID|User Type|Birth Year|Gender,2038724694539469255
JC-201703-citibike-tripdata.csv,JC-201703-citibike-tripdata.csv/JC-201703-citibike-tripdata.csv,csv,2041876,False,15,Trip Duration|Start Time|Stop Time|Start Station ID|Start Station Name|Start Station Latitude|Start Station Longitude|End Station ID|End Station Name|End Station Latitude|End Station Longitude|Bike ID|User Type|Birth Year|Gender,2038724694539469255
JC-201704-citibike-tripdata.csv,JC-201704-citibike-tripdata.csv/JC-201704-citibike-tripdata.csv,csv,3722622,False,15,tripduration|starttime|stoptime|start station id|start station name|start station latitude|start station longitude|end station id|end station name|end station latitude|end station longitude|bikeid|usertype|birth year|gender,-5052941747357603721
JC-201705-citibike-tripdata.csv,JC-201705-citibike-tripdata.csv/JC-201705-citibike-tripdata.csv,csv,4570839,False,15,tripduration|starttime|stoptime|start station id|start station name|start station latitude|start station longitude|end station id|end station name|end station latitude|end station longitude|bikeid|usertype|birth year|gender,-5052941747357603721
JC-201706-citibike-tripdata.csv,JC-201706-citibike-tripdata.csv/JC-201706-citibike-tripdata.csv,csv,5636332,False,15,tripduration|starttime|stoptime|start station id|start station name|start station latitude|start station longitude|end station id|end station name|end station latitude|end station longitude|bikeid|usertype|birth year|gender,-5052941747357603721
JC-201707-citibike-tripdata.csv,JC-201707-citibike-tripdata.csv/JC-201707-citibike-tripdata.csv,csv,5904497,False,15,tripduration|starttime|stoptime|start station id|start station name|start station latitude|start station longitude|end station id|end station name|end station latitude|end station longitude|bikeid|usertype|birth year|gender,-5052941747357603721
JC-201708 citibike-tripdata.csv,JC-201708 citibike-tripdata.csv/JC-201708 citibike-tripdata.csv,csv,6244418,False,15,tripduration|starttime|stoptime|start station id|start station name|start station latitude|start station longitude|end station id|end station name|end station latitude|end station longitude|bikeid|usertype|birth year|gender,-5052941747357603721
JC-201709-citibike-tripdata.csv,JC-201709-citibike-tripdata.csv/JC-201709-citibike-tripdata.csv,csv,5825395,False,15,tripduration|starttime|stoptime|start station id|start station name|start station latitude|start station longitude|end station id|end station name|end station latitude|end station longitude|bikeid|usertype|birth year|gender,-5052941747357603721
JC-201710-citibike-tripdata.csv,JC-201710-citibike-tripdata.csv/JC-201710-citibike-tripdata.csv,csv,6122702,False,15,tripduration|starttime|stoptime|start station id|start station name|start station latitude|start station longitude|end station id|end station name|end station latitude|end station longitude|bikeid|usertype|birth year|gender,-5052941747357603721
JC-201711-citibike-tripdata.csv,JC-201711-citibike-tripdata.csv/JC-201711-citibike-tripdata.csv,csv,4133778,False,15,tripduration|starttime|stoptime|start station id|start station name|start station latitude|start station longitude|end station id|end station name|end station latitude|end station longitude|bikeid|usertype|birth year|gender,-5052941747357603721
JC-201712-citibike-tripdata.csv,JC-201712-citibike-tripdata.csv/JC-201712-citibike-tripdata.csv,csv,2791466,False,15,tripduration|starttime|stoptime|start station id|start station name|start station latitude|start station longitude|end station id|end station name|end station latitude|end station longitude|bikeid|usertype|birth year|gender,-5052941747357603721
JC-201801-citibike-tripdata.csv,JC-201801-citibike-tripdata.csv/JC-201801-citibike-tripdata.csv,csv,2353955,False,15,tripduration|starttime|stoptime|start station id|start station name|start station latitude|start station longitude|end station id|end station name|end station latitude|end station longitude|bikeid|usertype|birth year|gender,-5052941747357603721
JC-201802-citibike-tripdata.csv,JC-201802-citibike-tripdata.csv/JC-201802-citibike-tripdata.csv,csv,2805463,False,15,tripduration|starttime|stoptime|start station id|start station name|start station latitude|start station longitude|end station id|end station name|end station latitude|end station longitude|bikeid|usertype|birth year|gender,-5052941747357603721
JC-201803-citibike-tripdata.csv,JC-201803-citibike-tripdata.csv/JC-201803-citibike-tripdata.csv,csv,3173972,False,15,tripduration|starttime|stoptime|start station id|start station name|start station latitude|start station longitude|end station id|end station name|end station latitude|end station longitude|bikeid|usertype|birth year|gender,-5052941747357603721
JC-201804-citibike-tripdata.csv,JC-201804-citibike-tripdata.csv/JC-201804-citibike-tripdata.csv,csv,4373757,False,15,tripduration|starttime|stoptime|start station id|start station name|start station latitude|start station longitude|end station id|end station name|end station latitude|end station longitude|bikeid|usertype|birth year|gender,-5052941747357603721
JC-201805-citibike-tripdata.csv,JC-201805-citibike-tripdata.csv/JC-201805-citibike-tripdata.csv,csv,6369183,False,15,tripduration|starttime|stoptime|start station id|start station name|start station latitude|start station longitude|end station id|end station name|end station latitude|end station longitude|bikeid|usertype|birth year|gender,-5052941747357603721
JC-201806-citibike-tripdata.csv,JC-201806-citibike-tripdata.csv/JC-201806-citibike-tripdata.csv,csv,7556877,False,15,tripduration|starttime|stoptime|start station id|start station name|start station latitude|start station longitude|end station id|end station name|end station latitude|end station longitude|bikeid|usertype|birth year|gender,-5052941747357603721
JC-201807-citibike-tripdata.csv,JC-201807-citibike-tripdata.csv/JC-201807-citibike-tripdata.csv,csv,7798454,False,15,tripduration|starttime|stoptime|start station id|start station name|start station latitude|start station longitude|end station id|end station name|end station latitude|end station longitude|bikeid|usertype|birth year|gender,-5052941747357603721
JC-201808-citibike-tripdata.csv,JC-201808-citibike-tripdata.csv/JC-201808-citibike-tripdata.csv,csv,8203443,False,15,tripduration|starttime|stoptime|start station id|start station name|start station latitude|start station longitude|end station id|end station name|end station latitude|end station longitude|bikeid|usertype|birth year|gender,-5052941747357603721
JC-201809-citibike-tripdata.csv,JC-201809-citibike-tripdata.csv/JC-201809-citibike-tripdata.csv,csv,7204072,False,15,tripduration|starttime|stoptime|start station id|start station name|start station latitude|start station longitude|end station id|end station name|end station latitude|end station longitude|bikeid|usertype|birth year|gender,-5052941747357603721
JC-201810-citibike-tripdata.csv,JC-201810-citibike-tripdata.csv/JC-201810-citibike-tripdata.csv,csv,7242764,False,15,tripduration|starttime|stoptime|start station id|start station name|start station latitude|start station longitude|end station id|end station name|end station latitude|end station longitude|bikeid|usertype|birth year|gender,-5052941747357603721
JC-201811-citibike-tripdata.csv,JC-201811-citibike-tripdata.csv/JC-201811-citibike-tripdata.csv,csv,4618520,False,15,tripduration|starttime|stoptime|start station id|start station name|start station latitude|start station longitude|end station id|end station name|end station latitude|end station longitude|bikeid|usertype|birth year|gender,-5052941747357603721
JC-201812-citibike-tripdata.csv,JC-201812-citibike-tripdata.csv/JC-201812-citibike-tripdata.csv,csv,3751393,False,15,tripduration|starttime|stoptime|start station id|start station name|start station latitude|start station longitude|end station id|end station name|end station latitude|end station longitude|bikeid|usertype|birth year|gender,-5052941747357603721
JC-201901-citibike-tripdata.csv,JC-201901-citibike-tripdata.csv/JC-201901-citibike-tripdata.csv,csv,3653365,False,15,tripduration|starttime|stoptime|start station id|start station name|start station latitude|start station longitude|end station id|end station name|end station latitude|end station longitude|bikeid|usertype|birth year|gender,-5052941747357603721
JC-201902-citibike-tripdata.csv,JC-201902-citibike-tripdata.csv/JC-201902-citibike-tripdata.csv,csv,3445190,False,15,tripduration|starttime|stoptime|start station id|start station name|start station latitude|start station longitude|end station id|end station name|end station latitude|end station longitude|bikeid|usertype|birth year|gender,-5052941747357603721
JC-201903-citibike-tripdata.csv,JC-201903-citibike-tripdata.csv/JC-201903-citibike-tripdata.csv,csv,4378406,False,15,tripduration|starttime|stoptime|start station id|start station name|start station latitude|start station longitude|end station id|end station name|end station latitude|end station longitude|bikeid|usertype|birth year|gender,-5052941747357603721
JC-201904-citibike-tripdata.csv,JC-201904-citibike-tripdata.csv/JC-201904-citibike-tripdata.csv,csv,6111308,False,15,tripduration|starttime|stoptime|start station id|start station name|start station latitude|start station longitude|end station id|end station name|end station latitude|end station longitude|bikeid|usertype|birth year|gender,-5052941747357603721
JC-201905-citibike-tripdata.csv,JC-201905-citibike-tripdata.csv/JC-201905-citibike-tripdata.csv,csv,6686169,False,15,tripduration|starttime|stoptime|start station id|start station name|start station latitude|start station longitude|end station id|end station name|end station latitude|end station longitude|bikeid|usertype|birth year|gender,-5052941747357603721
JC-201906-citibike-tripdata.csv,JC-201906-citibike-tripdata.csv/JC-201906-citibike-tripdata.csv,csv,7297384,False,15,tripduration|starttime|stoptime|start station id|start station name|start station latitude|start station longitude|end station id|end station name|end station latitude|end station longitude|bikeid|usertype|birth year|gender,-5052941747357603721
JC-201907-citibike-tripdata.csv,JC-201907-citibike-tripdata.csv/JC-201907-citibike-tripdata.csv,csv,8131547,False,15,tripduration|starttime|stoptime|start station id|start station name|start station latitude|start station longitude|end station id|end station name|end station latitude|end station longitude|bikeid|usertype|birth year|gender,-5052941747357603721
JC-201908-citibike-tripdata.csv,JC-201908-citibike-tripdata.csv/JC-201908-citibike-tripdata.csv,csv,9054653,False,15,tripduration|starttime|stoptime|start station id|start station name|start station latitude|start station longitude|end station id|end station name|end station latitude|end station longitude|bikeid|usertype|birth year|gender,-5052941747357603721
JC-201909-citibike-tripdata.csv,JC-201909-citibike-tripdata.csv/JC-201909-citibike-tripdata.csv,csv,9158816,False,15,tripduration|starttime|stoptime|start station id|start station name|start station latitude|start station longitude|end station id|end station name|end station latitude|end station longitude|bikeid|usertype|birth year|gender,-5052941747357603721
JC-201910-citibike-tripdata.csv,JC-201910-citibike-tripdata.csv/JC-201910-citibike-tripdata.csv,csv,7879505,False,15,tripduration|starttime|stoptime|start station id|start station name|start station latitude|start station longitude|end station id|end station name|end station latitude|end station longitude|bikeid|usertype|birth year|gender,-5052941747357603721
JC-201911-citibike-tripdata.csv,JC-201911-citibike-tripdata.csv/JC-201911-citibike-tripdata.csv,csv,5746324,False,15,tripduration|starttime|stoptime|start station id|start station name|start station latitude|start station longitude|end station id|end station name|end station latitude|end station longitude|bikeid|usertype|birth year|gender,-5052941747357603721
JC-201912-citibike-tripdata.csv,JC-201912-citibike-tripdata.csv/JC-201912-citibike-tripdata.csv,csv,3687231,False,15,tripduration|starttime|stoptime|start station id|start station name|start station latitude|start station longitude|end station id|end station name|end station latitude|end station longitude|bikeid|usertype|birth year|gender,-5052941747357603721
JC-202001-citibike-tripdata.csv,JC-202001-citibike-tripdata.csv/JC-202001-citibike-tripdata.csv,csv,4861189,False,15,tripduration|starttime|stoptime|start station id|start station name|start station latitude|start station longitude|end station id|end station name|end station latitude|end station longitude|bikeid|usertype|birth year|gender,-5052941747357603721
JC-202002-citibike-tripdata.csv,JC-202002-citibike-tripdata.csv/JC-202002-citibike-tripdata.csv,csv,4274782,False,15,tripduration|starttime|stoptime|start station id|start station name|start station latitude|start station longitude|end station id|end station name|end station latitude|end station longitude|bikeid|usertype|birth year|gender,-5052941747357603721
JC-202003-citibike-tripdata.csv,JC-202003-citibike-tripdata.csv/JC-202003-citibike-tripdata.csv,csv,3288964,False,15,tripduration|starttime|stoptime|start station id|start station name|start station latitude|start station longitude|end station id|end station name|end station latitude|end station longitude|bikeid|usertype|birth year|gender,-5052941747357603721
JC-202004-citibike-tripdata.csv,JC-202004-citibike-tripdata.csv/JC-202004-citibike-tripdata.csv,csv,1712500,False,15,tripduration|starttime|stoptime|start station id|start station name|start station latitude|start station longitude|end station id|end station name|end station latitude|end station longitude|bikeid|usertype|birth year|gender,-5052941747357603721
JC-202005-citibike-tripdata.csv,JC-202005-citibike-tripdata.csv/JC-202005-citibike-tripdata.csv,csv,4635457,False,15,tripduration|starttime|stoptime|start station id|start station name|start station latitude|start station longitude|end station id|end station name|end station latitude|end station longitude|bikeid|usertype|birth year|gender,-5052941747357603721
JC-202006-citibike-tripdata.csv,JC-202006-citibike-tripdata.csv/JC-202006-citibike-tripdata.csv,csv,6819314,False,15,tripduration|starttime|stoptime|start station id|start station name|start station latitude|start station longitude|end station id|end station name|end station latitude|end station longitude|bikeid|usertype|birth year|gender,-5052941747357603721
JC-202007-citibike-tripdata.csv,JC-202007-citibike-tripdata.csv/JC-202007-citibike-tripdata.csv,csv,7153264,False,15,tripduration|starttime|stoptime|start station id|start station name|start station latitude|start station longitude|end station id|end station name|end station latitude|end station longitude|bikeid|usertype|birth year|gender,-5052941747357603721
JC-202008-citibike-tripdata.csv,JC-202008-citibike-tripdata.csv/JC-202008-citibike-tripdata.csv,csv,8009777,False,15,tripduration|starttime|stoptime|start station id|start station name|start station latitude|start station longitude|end station id|end station name|end station latitude|end station longitude|bikeid|usertype|birth year|gender,-5052941747357603721
JC-202009-citibike-tripdata.csv,JC-202009-citibike-tripdata.csv/JC-202009-citibike-tripdata.csv,csv,9967170,False,15,tripduration|starttime|stoptime|start station id|start station name|start station latitude|start station longitude|end station id|end station name|end station latitude|end station longitude|bikeid|usertype|birth year|gender,-5052941747357603721
JC-202010-citibike-tripdata.csv,JC-202010-citibike-tripdata.csv/JC-202010-citibike-tripdata.csv,csv,5572824,False,15,tripduration|starttime|stoptime|start station id|start station name|start station latitude|start station longitude|end station id|end station name|end station latitude|end station longitude|bikeid|usertype|birth year|gender,-5052941747357603721
JC-202011-citibike-tripdata.csv,JC-202011-citibike-tripdata.csv/JC-202011-citibike-tripdata.csv,csv,3947327,False,15,tripduration|starttime|stoptime|start station id|start station name|start station latitude|start station longitude|end station id|end station name|end station latitude|end station longitude|bikeid|usertype|birth year|gender,-5052941747357603721
JC-202012-citibike-tripdata.csv,JC-202012-citibike-tripdata.csv/JC-202012-citibike-tripdata.csv,csv,2170579,False,15,tripduration|starttime|stoptime|start station id|start station name|start station latitude|start station longitude|end station id|end station name|end station latitude|end station longitude|bikeid|usertype|birth year|gender,-5052941747357603721
JC-202101-citibike-tripdata.csv,JC-202101-citibike-tripdata.csv/JC-202101-citibike-tripdata.csv,csv,2159132,False,15,tripduration|starttime|stoptime|start station id|start station name|start station latitude|start station longitude|end station id|end station name|end station latitude|end station longitude|bikeid|usertype|birth year|gender,-5052941747357603721
JC-202102-citibike-tripdata.csv,JC-202102-citibike-tripdata.csv/JC-202102-citibike-tripdata.csv,csv,804177,False,13,ride_id|rideable_type|started_at|ended_at|start_station_name|start_station_id|end_station_name|end_station_id|start_lat|start_lng|end_lat|end_lng|member_casual,9185961916751904723
JC-202103-citibike-tripdata.csv,JC-202103-citibike-tripdata.csv/JC-202103-citibike-tripdata.csv,csv,2854187,False,13,ride_id|rideable_type|started_at|ended_at|start_station_name|start_station_id|end_station_name|end_station_id|start_lat|start_lng|end_lat|end_lng|member_casual,9185961916751904723
JC-202104-citibike-tripdata.csv,JC-202104-citibike-tripdata.csv/JC-202104-citibike-tripdata.csv,csv,3984581,False,13,ride_id|rideable_type|started_at|ended_at|start_station_name|start_station_id|end_station_name|end_station_id|start_lat|start_lng|end_lat|end_lng|member_casual,9185961916751904723
JC-202105-citibike-tripdata.csv,JC-202105-citibike-tripdata.csv/JC-202105-citibike-tripdata.csv,csv,7969936,False,13,ride_id|rideable_type|started_at|ended_at|start_station_name|start_station_id|end_station_name|end_station_id|start_lat|start_lng|end_lat|end_lng|member_casual,9185961916751904723
JC-202106-citibike-tripdata.csv,JC-202106-citibike-tripdata.csv/JC-202106-citibike-tripdata.csv,csv,13204709,False,13,ride_id|rideable_type|started_at|ended_at|start_station_name|start_station_id|end_station_name|end_station_id|start_lat|start_lng|end_lat|end_lng|member_casual,9185961916751904723
JC-202107-citibike-tripdata.csv,JC-202107-citibike-tripdata.csv/JC-202107-citibike-tripdata.csv,csv,15864290,False,13,ride_id|rideable_type|started_at|ended_at|start_station_name|start_station_id|end_station_name|end_station_id|start_lat|start_lng|end_lat|end_lng|member_casual,9185961916751904723
JC-202108-citibike-tripdata.csv,JC-202108-citibike-tripdata.csv/JC-202108-citibike-tripdata.csv,csv,18148149,False,13,ride_id|rideable_type|started_at|ended_at|start_station_name|start_station_id|end_station_name|end_station_id|start_lat|start_lng|end_lat|end_lng|member_casual,9185961916751904723
JC-202109-citibike-tripdata.csv,JC-202109-citibike-tripdata.csv/JC-202109-citibike-tripdata.csv,csv,18890516,False,13,ride_id|rideable_type|started_at|ended_at|start_station_name|start_station_id|end_station_name|end_station_id|start_lat|start_lng|end_lat|end_lng|member_casual,9185961916751904723
JC-202110-citibike-tripdata.csv,JC-202110-citibike-tripdata.csv/JC-202110-citibike-tripdata.csv,csv,17190311,False,13,ride_id|rideable_type|started_at|ended_at|start_station_name|start_station_id|end_station_name|end_station_id|start_lat|start_lng|end_lat|end_lng|member_casual,9185961916751904723
JC-202111-citibike-tripdata.csv,JC-202111-citibike-tripdata.csv/JC-202111-citibike-tripdata.csv,csv,11606114,False,13,ride_id|rideable_type|started_at|ended_at|start_station_name|start_station_id|end_station_name|end_station_id|start_lat|start_lng|end_lat|end_lng|member_casual,9185961916751904723
JC-202112-citibike-tripdata.csv,JC-202112-citibike-tripdata.csv/JC-202112-citibike-tripdata.csv,csv,9224589,False,13,ride_id|rideable_type|started_at|ended_at|start_station_name|start_station_id|end_station_name|end_station_id|start_lat|start_lng|end_lat|end_lng|member_casual,9185961916751904723
JC-202201-citibike-tripdata.csv,JC-202201-citibike-tripdata.csv/JC-202201-citibike-tripdata.csv,csv,5116616,False,13,ride_id|rideable_type|started_at|ended_at|start_station_name|start_station_id|end_station_name|end_station_id|start_lat|start_lng|end_lat|end_lng|member_casual,9185961916751904723
JC-202202-citibike-tripdata.csv,JC-202202-citibike-tripdata.csv/JC-202202-citibike-tripdata.csv,csv,6153868,False,13,ride_id|rideable_type|started_at|ended_at|start_station_name|start_station_id|end_station_name|end_station_id|start_lat|start_lng|end_lat|end_lng|member_casual,9185961916751904723
JC-202203-citibike-tripdata.csv,JC-202203-citibike-tripdata.csv/JC-202203-citibike-tripdata.csv,csv,9997657,False,13,ride_id|rideable_type|started_at|ended_at|start_station_name|start_station_id|end_station_name|end_station_id|start_lat|start_lng|end_lat|end_lng|member_casual,9185961916751904723
JC-202204-citibike-tripdata.csv,JC-202204-citibike-tripdata.csv/JC-202204-citibike-tripdata.csv,csv,12104389,False,13,ride_id|rideable_type|started_at|ended_at|start_station_name|start_station_id|end_station_name|end_station_id|start_lat|start_lng|end_lat|end_lng|member_casual,9185961916751904723
JC-202205-citibike-tripdata.csv,JC-202205-citibike-tripdata.csv/JC-202205-citibike-tripdata.csv,csv,15558878,False,13,ride_id|rideable_type|started_at|ended_at|start_station_name|start_station_id|end_station_name|end_station_id|start_lat|start_lng|end_lat|end_lng|member_casual,9185961916751904723
JC-202206-citibike-tripdata.csv,JC-202206-citibike-tripdata.csv/JC-202206-citibike-tripdata.csv,csv,20005759,False,13,ride_id|rideable_type|started_at|ended_at|start_station_name|start_station_id|end_station_name|end_station_id|start_lat|start_lng|end_lat|end_lng|member_casual,9185961916751904723
JC-202207-citbike-tripdata.csv,JC-202207-citbike-tripdata.csv/JC-202207-citbike-tripdata.csv,csv,20971323,False,13,ride_id|rideable_type|started_at|ended_at|start_station_name|start_station_id|end_station_name|end_station_id|start_lat|start_lng|end_lat|end_lng|member_casual,9185961916751904723
JC-202208-citibike-tripdata.csv,JC-202208-citibike-tripdata.csv/JC-202208-citibike-tripdata.csv,csv,22287726,False,13,ride_id|rideable_type|started_at|ended_at|start_station_name|start_station_id|end_station_name|end_station_id|start_lat|start_lng|end_lat|end_lng|member_casual,9185961916751904723
JC-202209-citibike-tripdata.csv,JC-202209-citibike-tripdata.csv/JC-202209-citibike-tripdata.csv,csv,22139721,False,13,ride_id|rideable_type|started_at|ended_at|start_station_name|start_station_id|end_station_name|end_station_id|start_lat|start_lng|end_lat|end_lng|member_casual,9185961916751904723
JC-202210-citibike-tripdata.csv,JC-202210-citibike-tripdata.csv/JC-202210-citibike-tripdata.csv,csv,18985667,False,13,ride_id|rideable_type|started_at|ended_at|start_station_name|start_station_id|end_station_name|end_station_id|start_lat|start_lng|end_lat|end_lng|member_casual,9185961916751904723
JC-202211-citibike-tripdata.csv,JC-202211-citibike-tripdata.csv/JC-202211-citibike-tripdata.csv,csv,15325568,False,13,ride_id|rideable_type|started_at|ended_at|start_station_name|start_station_id|end_station_name|end_station_id|start_lat|start_lng|end_lat|end_lng|member_casual,9185961916751904723
JC-202212-citibike-tripdata.csv,JC-202212-citibike-tripdata.csv/JC-202212-citibike-tripdata.csv,csv,10234156,False,13,ride_id|rideable_type|started_at|ended_at|start_station_name|start_station_id|end_station_name|end_station_id|start_lat|start_lng|end_lat|end_lng|member_casual,9185961916751904723
JC-202301-citibike-tripdata.csv,JC-202301-citibike-tripdata.csv/JC-202301-citibike-tripdata.csv,csv,11733916,False,13,ride_id|rideable_type|started_at|ended_at|start_station_name|start_station_id|end_station_name|end_station_id|start_lat|start_lng|end_lat|end_lng|member_casual,9185961916751904723
JC-202302-citibike-tripdata.csv,JC-202302-citibike-tripdata.csv/JC-202302-citibike-tripdata.csv,csv,10730824,False,13,ride_id|rideable_type|started_at|ended_at|start_station_name|start_station_id|end_station_name|end_station_id|start_lat|start_lng|end_lat|end_lng|member_casual,9185961916751904723
JC-202303-citibike-tripdata.csv,JC-202303-citibike-tripdata.csv/JC-202303-citibike-tripdata.csv,csv,13213278,False,13,ride_id|rideable_type|started_at|ended_at|start_station_name|start_station_id|end_station_name|end_station_id|start_lat|start_lng|end_lat|end_lng|member_casual,9185961916751904723
JC-202304-citibike-tripdata.csv,JC-202304-citibike-tripdata.csv/JC-202304-citibike-tripdata.csv,csv,16919052,False,13,ride_id|rideable_type|started_at|ended_at|start_station_name|start_station_id|end_station_name|end_station_id|start_lat|start_lng|end_lat|end_lng|member_casual,9185961916751904723
JC-202305-citibike-tripdata.csv,JC-202305-citibike-tripdata.csv/JC-202305-citibike-tripdata.csv,csv,20156784,False,13,ride_id|rideable_type|started_at|ended_at|start_station_name|start_station_id|end_station_name|end_station_id|start_lat|start_lng|end_lat|end_lng|member_casual,9185961916751904723
JC-202306-citibike-tripdata.csv,JC-202306-citibike-tripdata.csv/JC-202306-citibike-tripdata.csv,csv,20278281,False,13,ride_id|rideable_type|started_at|ended_at|start_station_name|start_station_id|end_station_name|end_station_id|start_lat|start_lng|end_lat|end_lng|member_casual,9185961916751904723
JC-202307-citibike-tripdata.csv,JC-202307-citibike-tripdata.csv/JC-202307-citibike-tripdata.csv,csv,22219610,False,13,ride_id|rideable_type|started_at|ended_at|start_station_name|start_station_id|end_station_name|end_station_id|start_lat|start_lng|end_lat|end_lng|member_casual,9185961916751904723
JC-202308-citibike-tripdata.csv,JC-202308-citibike-tripdata.csv/JC-202308-citibike-tripdata.csv,csv,23340059,False,13,ride_id|rideable_type|started_at|ended_at|start_station_name|start_station_id|end_station_name|end_station_id|start_lat|start_lng|end_lat|end_lng|member_casual,9185961916751904723
JC-202309-citibike-tripdata.csv,JC-202309-citibike-tripdata.csv/JC-202309-citibike-tripdata.csv,csv,19693695,False,13,ride_id|rideable_type|started_at|ended_at|start_station_name|start_station_id|end_station_name|end_station_id|start_lat|start_lng|end_lat|end_lng|member_casual,9185961916751904723
JC-202310-citibike-tripdata.csv,JC-202310-citibike-tripdata.csv/JC-202310-citibike-tripdata.csv,csv,20397187,False,13,ride_id|rideable_type|started_at|ended_at|start_station_name|start_station_id|end_station_name|end_station_id|start_lat|start_lng|end_lat|end_lng|member_casual,9185961916751904723
JC-202311-citibike-tripdata.csv,JC-202311-citibike-tripdata.csv/JC-202311-citibike-tripdata.csv,csv,15756187,False,13,ride_id|rideable_type|started_at|ended_at|start_station_name|start_station_id|end_station_name|end_station_id|start_lat|start_lng|end_lat|end_lng|member_casual,9185961916751904723
JC-202312-citibike-tripdata.csv,JC-202312-citibike-tripdata.csv/JC-202312-citibike-tripdata.csv,csv,12236869,False,13,ride_id|rideable_type|started_at|ended_at|start_station_name|start_station_id|end_station_name|end_station_id|start_lat|start_lng|end_lat|end_lng|member_casual,9185961916751904723
JC-202401-citibike-tripdata.csv,JC-202401-citibike-tripdata.csv/JC-202401-citibike-tripdata.csv,csv,10547438,False,13,ride_id|rideable_type|started_at|ended_at|start_station_name|start_station_id|end_station_name|end_station_id|start_lat|start_lng|end_lat|end_lng|member_casual,9185961916751904723
JC-202402-citibike-tripdata.csv,JC-202402-citibike-tripdata.csv/JC-202402-citibike-tripdata.csv,csv,11589492,False,13,ride_id|rideable_type|started_at|ended_at|start_station_name|start_station_id|end_station_name|end_station_id|start_lat|start_lng|end_lat|end_lng|member_casual,9185961916751904723
JC-202403-citibike-tripdata.csv,JC-202403-citibike-tripdata.csv/JC-202403-citibike-tripdata.csv,csv,13669442,False,13,ride_id|rideable_type|started_at|ended_at|start_station_name|start_station_id|end_station_name|end_station_id|start_lat|start_lng|end_lat|end_lng|member_casual,9185961916751904723
JC-202404-citibike-tripdata.csv,JC-202404-citibike-tripdata.csv/JC-202404-citibike-tripdata.csv,csv,16494655,False,13,ride_id|rideable_type|started_at|ended_at|start_station_name|start_station_id|end_station_name|end_station_id|start_lat|start_lng|end_lat|end_lng|member_casual,9185961916751904723
JC-202405-citibike-tripdata.csv,JC-202405-citibike-tripdata.csv/JC-202405-citibike-tripdata.csv,csv,20299365,False,13,ride_id|rideable_type|started_at|ended_at|start_station_name|start_station_id|end_station_name|end_station_id|start_lat|start_lng|end_lat|end_lng|member_casual,9185961916751904723
JC-202406-citibike-tripdata.csv,JC-202406-citibike-tripdata.csv/JC-202406-citibike-tripdata.csv,csv,24037611,False,13,ride_id|rideable_type|started_at|ended_at|start_station_name|start_station_id|end_station_name|end_station_id|start_lat|start_lng|end_lat|end_lng|member_casual,9185961916751904723
JC-202407-citibike-tripdata.csv,JC-202407-citibike-tripdata.csv/JC-202407-citibike-tripdata.csv,csv,24430797,False,13,ride_id|rideable_type|started_at|ended_at|start_station_name|start_station_id|end_station_name|end_station_id|start_lat|start_lng|end_lat|end_lng|member_casual,9185961916751904723
JC-202408-citibike-tripdata.csv,JC-202408-citibike-tripdata.csv/JC-202408-citibike-tripdata.csv,csv,23215446,False,13,ride_id|rideable_type|started_at|ended_at|start_station_name|start_station_id|end_station_name|end_station_id|start_lat|start_lng|end_lat|end_lng|member_casual,9185961916751904723
JC-202409-citibike-tripdata.csv,JC-202409-citibike-tripdata.csv/JC-202409-citibike-tripdata.csv,csv,25343119,False,13,ride_id|rideable_type|started_at|ended_at|start_station_name|start_station_id|end_station_name|end_station_id|start_lat|start_lng|end_lat|end_lng|member_casual,9185961916751904723
JC-202410-citibike-tripdata.csv,JC-202410-citibike-tripdata.csv/JC-202410-citibike-tripdata.csv,csv,26022320,False,13,ride_id|rideable_type|started_at|ended_at|start_station_name|start_station_id|end_station_name|end_station_id|start_lat|start_lng|end_lat|end_lng|member_casual,9185961916751904723
JC-202411-citibike-tripdata.csv,JC-202411-citibike-tripdata.csv/JC-202411-citibike-tripdata.csv,csv,18729380,False,13,ride_id|rideable_type|started_at|ended_at|start_station_name|start_station_id|end_station_name|end_station_id|start_lat|start_lng|end_lat|end_lng|member_casual,9185961916751904723
JC-202412-citibike-tripdata.csv,JC-202412-citibike-tripdata.csv/JC-202412-citibike-tripdata.csv,csv,12040085,False,13,ride_id|rideable_type|started_at|ended_at|start_station_name|start_station_id|end_station_name|end_station_id|start_lat|start_lng|end_lat|end_lng|member_casual,9185961916751904723
JC-202501-citibike-tripdata.csv,JC-202501-citibike-tripdata.csv/JC-202501-citibike-tripdata.csv,csv,11081709,False,13,ride_id|rideable_type|started_at|ended_at|start_station_name|start_station_id|end_station_name|end_station_id|start_lat|start_lng|end_lat|end_lng|member_casual,9185961916751904723
JC-202502-citibike-tripdata.csv,JC-202502-citibike-tripdata.csv/JC-202502-citibike-tripdata.csv,csv,9758674,False,13,ride_id|rideable_type|started_at|ended_at|start_station_name|start_station_id|end_station_name|end_station_id|start_lat|start_lng|end_lat|end_lng|member_casual,9185961916751904723
JC-202503-citibike-tripdata.csv,JC-202503-citibike-tripdata.csv/JC-202503-citibike-tripdata.csv,csv,16041520,False,13,ride_id|rideable_type|started_at|ended_at|start_station_name|start_station_id|end_station_name|end_station_id|start_lat|start_lng|end_lat|end_lng|member_casual,9185961916751904723
JC-202504-citibike-tripdata.csv,JC-202504-citibike-tripdata.csv/JC-202504-citibike-tripdata.csv,csv,17826013,False,13,ride_id|rideable_type|started_at|ended_at|start_station_name|start_station_id|end_station_name|end_station_id|start_lat|start_lng|end_lat|end_lng|member_casual,9185961916751904723
JC-202505-citibike-tripdata.csv,JC-202505-citibike-tripdata.csv/JC-202505-citibike-tripdata.csv,csv,20382566,False,13,ride_id|rideable_type|started_at|ended_at|start_station_name|start_station_id|end_station_name|end_station_id|start_lat|start_lng|end_lat|end_lng|member_casual,9185961916751904723
JC-202506-citibike-tripdata.csv,JC-202506-citibike-tripdata.csv/JC-202506-citibike-tripdata.csv,csv,21055468,False,13,ride_id|rideable_type|started_at|ended_at|start_station_name|start_station_id|end_station_name|end_station_id|start_lat|start_lng|end_lat|end_lng|member_casual,9185961916751904723
JC-202507-citibike-tripdata.csv,JC-202507-citibike-tripdata.csv/JC-202507-citibike-tripdata.csv,csv,23270404,False,13,ride_id|rideable_type|started_at|ended_at|start_station_name|start_station_id|end_station_name|end_station_id|start_lat|start_lng|end_lat|end_lng|member_casual,9185961916751904723
JC-202508-citibike-tripdata.csv,JC-202508-citibike-tripdata.csv/JC-202508-citibike-tripdata.csv,csv,23406922,False,13,ride_id|rideable_type|started_at|ended_at|start_station_name|start_station_id|end_station_name|end_station_id|start_lat|start_lng|end_lat|end_lng|member_casual,9185961916751904723
JC-202509-citibike-tripdata.csv,JC-202509-citibike-tripdata.csv/JC-202509-citibike-tripdata.csv,csv,25166638,False,13,ride_id|rideable_type|started_at|ended_at|start_station_name|start_station_id|end_station_name|end_station_id|start_lat|start_lng|end_lat|end_lng|member_casual,9185961916751904723
JC-202510-citibike-tripdata,JC-202510-citibike-tripdata/JC-202510-citibike-tripdata.csv,csv,22646140,False,13,ride_id|rideable_type|started_at|ended_at|start_station_name|start_station_id|end_station_name|end_station_id|start_lat|start_lng|end_lat|end_lng|member_casual,9185961916751904723
JC-202511-citibike-tripdata.csv,JC-202511-citibike-tripdata.csv/JC-202511-citibike-tripdata.csv,csv,16658523,False,13,ride_id|rideable_type|started_at|ended_at|start_station_name|start_station_id|end_station_name|end_station_id|start_lat|start_lng|end_lat|end_lng|member_casual,9185961916751904723
JC-202512-citibike-tripdata.csv,JC-202512-citibike-tripdata.csv/JC-202512-citibike-tripdata.csv,csv,10541264,False,13,ride_id|rideable_type|started_at|ended_at|start_station_name|start_station_id|end_station_name|end_station_id|start_lat|start_lng|end_lat|end_lng|member_casual,9185961916751904723
JC-202601-citibike-tripdata,JC-202601-citibike-tripdata/JC-202601-citibike-tripdata.csv,csv,8672671,False,13,ride_id|rideable_type|started_at|ended_at|start_station_name|start_station_id|end_station_name|end_station_id|start_lat|start_lng|end_lat|end_lng|member_casual,9185961916751904723
JC-202602-citibike-tripdata.csv,JC-202602-citibike-tripdata.csv/JC-202602-citibike-tripdata.csv,csv,5606126,False,13,ride_id|rideable_type|started_at|ended_at|start_station_name|start_station_id|end_station_name|end_station_id|start_lat|start_lng|end_lat|end_lng|member_casual,9185961916751904723
JC-202603-citibike-tripdata.csv,JC-202603-citibike-tripdata.csv/JC-202603-citibike-tripdata.csv,csv,13513870,False,13,ride_id|rideable_type|started_at|ended_at|start_station_name|start_station_id|end_station_name|end_station_id|start_lat|start_lng|end_lat|end_lng|member_casual,9185961916751904723
JC-202604-citibike-tripdata,JC-202604-citibike-tripdata/JC-202604-citibike-tripdata.csv,csv,17829039,False,13,ride_id|rideable_type|started_at|ended_at|start_station_name|start_station_id|end_station_name|end_station_id|start_lat|start_lng|end_lat|end_lng|member_casual,9185961916751904723
